Task ID,Task Name,Resource ID,Resource Name,Resource Role,Resource Type,Status,Allocation %,Assigned From,Assigned To
WS001-D1,Detailed floor plan and design concept reflecting brand identity and operational flow,EXT-001,Team Member,,external_resource,assigned,25,2026-02-01,2026-03-01
WS001-D2,List of vendors and approved contractors for construction and interior work,EXT-001,Team Member,,external_resource,assigned,25,2026-02-01,2026-03-01
WS001-D3,A completed interior environment that meets UAE regulatory approvals and inspections,EXT-001,Team Member,,external_resource,assigned,25,2026-02-01,2026-03-01
WS001-D4,Installation of coffee shop equipment specific to high-quality beverage preparation,INT-002,Executive Chef,Executive Chef,internal_team,assigned,25,2026-02-01,2026-03-01
WS001-D5,Project management report ensuring adherence to construction timeline and budget,EXT-001,Team Member,,external_resource,assigned,25,2026-02-01,2026-03-01
WS002-D1,"Selection of POS System Vendor: A detailed report including vendor comparisons, cost analysis, and recommendations for the most suitable POS system for the coffee shop's size and anticipated volume.",INT-004,Food Service Coordinator,Food Service Coordinator,internal_team,assigned,25,2026-02-01,2026-03-01
WS002-D2,"Installation & Setup: Successful installation and initial configuration of the POS hardware and software, including cashier stations, receipt printers, and integration with existing hardware such as coffee machines for order processing.",INT-004,Food Service Coordinator,Food Service Coordinator,internal_team,assigned,25,2026-02-01,2026-03-01
WS002-D3,"Employee Training Session: Conducting a comprehensive training program for staff on how to operate the POS system, manage transactions, and troubleshoot common issues, ensuring all team members are proficient prior to opening.",INT-001,Catering Operations Manager,Catering Operations Manager,internal_team,assigned,25,2026-02-01,2026-03-01
WS002-D4,Integration with Inventory Management: Full integration of the POS system with inventory management software to enable real-time tracking of stock levels and automatic reorder alerts to prevent shortages.,INT-004,Food Service Coordinator,Food Service Coordinator,internal_team,assigned,25,2026-02-01,2026-03-01
WS002-D5,"Go-Live Support & Troubleshooting: Dedicated on-site support for the first week of operations to ensure all systems run smoothly, with quick resolution for any technical issues arising post-launch.",INT-004,Food Service Coordinator,Food Service Coordinator,internal_team,assigned,25,2026-02-01,2026-03-01
WS003-D1,Acquisition of required food and beverage licenses and health permits specific to the UAE market,EXT-002,Team Member,,external_resource,assigned,25,2026-06-01,2026-07-01
WS003-D2,"Supply chain logistics plan with vetted local and international vendors for coffee, pastries, and other menu items",INT-002,Executive Chef,Executive Chef,internal_team,assigned,25,2026-06-01,2026-07-01
WS003-D3,"Standard Operating Procedures (SOP) manual for daily operations including opening/closing protocols, customer service standards, and food safety compliance",INT-001,Catering Operations Manager,Catering Operations Manager,internal_team,assigned,25,2026-06-01,2026-07-01
WS003-D4,"Employee training program outline focusing on local UAE cultural nuances, customer interaction, and hygiene standards",INT-001,Catering Operations Manager,Catering Operations Manager,internal_team,assigned,25,2026-06-01,2026-07-01
WS003-D5,"Quality control checklist tailored to the coffee industry, ensuring consistency in product offerings and adherence to safety standards",INT-002,Executive Chef,Executive Chef,internal_team,assigned,25,2026-06-01,2026-07-01
WS004-D1,"Job Descriptions and Roles Classification: Develop detailed job descriptions specific to roles such as baristas, shift supervisors, and kitchen staff, including experience and skill requirements tailored to a mid-market coffee shop environment.",INT-001,Catering Operations Manager,Catering Operations Manager,internal_team,assigned,25,2026-08-01,2026-09-01
WS004-D2,"Recruitment and Interview Plan: Create and implement a recruitment strategy that includes sourcing candidates through industry-specific channels, conducting interviews, and utilizing assessment tools designed for staff selection in hospitality.",INT-001,Catering Operations Manager,Catering Operations Manager,internal_team,assigned,25,2026-08-01,2026-09-01
WS004-D3,"Comprehensive Onboarding Program: Design an onboarding process with training modules focused on coffee preparation, customer service excellence, and safety protocols complying with Abu Dhabi's municipal regulations for food services.",INT-001,Catering Operations Manager,Catering Operations Manager,internal_team,assigned,25,2026-08-01,2026-09-01
WS004-D4,"Staff Training Sessions Schedule: Develop a schedule for staff training sessions, including barista skills workshops, customer relationship management, and handling of peak hour operations specific to a high foot traffic area.",INT-002,Executive Chef,Executive Chef,internal_team,assigned,25,2026-08-01,2026-09-01
WS004-D5,"Employee Handbook for Coffee Shop Operations: Produce an employee handbook detailing operational procedures, dress code, service standards, and company culture, tailored for the coffee shop sector within the business district environment.",INT-001,Catering Operations Manager,Catering Operations Manager,internal_team,assigned,25,2026-08-01,2026-09-01
WS005-D1,"Develop a launch event plan, including influencer engagement and media coverage strategies, to generate buzz within the local community.",INT-006,Marketing Specialist,Marketing Specialist,internal_team,assigned,33,2026-08-01,2026-09-01
WS005-D2,Design and implement a loyalty program in collaboration with local businesses to encourage repeat customers and cross-promotional opportunities.,INT-006,Marketing Specialist,Marketing Specialist,internal_team,assigned,33,2026-08-01,2026-09-01
WS005-D3,Create social media content calendar featuring visually appealing photography of signature coffee drinks and pastries tailored to local tastes.,INT-006,Marketing Specialist,Marketing Specialist,internal_team,assigned,33,2026-08-01,2026-09-01
WS005-D4,"Execute a multi-channel digital advertising campaign targeting office workers and commuters in the business district, emphasizing the convenience and quality of our offerings.",INT-006,Marketing Specialist,Marketing Specialist,internal_team,assigned,33,2026-08-01,2026-09-01
WS005-D5,"Produce in-store promotional materials including signage, brochures, and discount vouchers to increase customer conversion rates and enhance brand visibility.",INT-006,Marketing Specialist,Marketing Specialist,internal_team,assigned,33,2026-08-01,2026-09-01
WS006-D1,Acquisition of Food Safety License: Documentation and approval from the Abu Dhabi Food Control Authority (ADFCA) to operate safely within the district.,EXT-002,Team Member,,external_resource,assigned,25,2026-04-01,2026-05-01
WS006-D2,Trade License Registration: Completion and submission of forms to the Abu Dhabi Department of Economic Development (DED) for legal operation under the retail food service category.,EXT-002,Team Member,,external_resource,assigned,25,2026-04-01,2026-05-01
WS006-D3,"Employee Occupational Health Cards: Securing mandatory health cards for all employees, ensuring compliance with local labor and health laws.",EXT-002,Team Member,,external_resource,assigned,25,2026-04-01,2026-05-01
WS006-D4,Building Permit and Signage Approval: Obtaining necessary permissions for premises modifications and exterior signage that comply with Abu Dhabi’s municipal regulations.,EXT-002,Team Member,,external_resource,assigned,25,2026-04-01,2026-05-01
WS006-D5,Supplier Agreement Contracts: Draft and finalize legally-compliant contracts with suppliers ensuring that all goods meet local quality and safety standards.,INT-003,Business Development Manager,Business Development Manager,internal_team,assigned,25,2026-04-01,2026-05-01