Benefit ID,Benefit Name,Description,Category,Metric,Target,Timeframe,Responsible Party
BEN-1,Strategic Partnership Value,Corporate Catering Expansion,Strategic,"Partnership revenue, contract value, renewal rate (quarterly)",2+ corporate partnerships generating $50K+ annual revenue,Month 4,Catering Operations Manager
BEN-2,Digital Channel Revenue,Digital Integration,Financial,"E-commerce revenue, app downloads, digital conversion rate (weekly)",15% of total revenue from digital channels by Month 6,Month 4,Executive Chef
BEN-3,Community & Culture Engagement,Premium Coffee Culture Growth,Strategic,"Community size, event attendance, social engagement (monthly)",+25% community engagement; 500+ loyalty members in Year 1,Month 4,Business Development Manager
BEN-4,Health and Wellness Trend,Health and Wellness Trend,Strategic,Performance metrics and KPI tracking (quarterly),Measurable improvement vs baseline within 6 months,Month 4,Food Service Coordinator
BEN-5,Market Expansion Readiness,Business District Expansion,Strategic,"Expansion readiness score, location analysis, capital requirements (quarterly)",Expansion-ready operations by Month 9; 2nd location feasibility complete,Month 4,Prep Cook/Kitchen Assistant
BEN-6,Leverage: Prime Location Advantage,Prime Business District Location,Strategic,"Foot traffic, conversion rate, avg transaction value",+30% walk-in conversion vs market average,Month 3,Marketing Specialist