Resource Type,Role/Title,FTE/Quantity,Skills/Responsibilities,Source
Internal,Catering Operations Manager,1,"Commercial Kitchen Operations, Food Safety & HACCP, Staff Management, Menu Development, Cost Control",Internal Team
Internal,Executive Chef,1,"Large Volume Food Preparation, Menu Planning, Corporate Catering, Kitchen Equipment Setup, Food Cost Management",Internal Team
Internal,Business Development Manager,1,"Corporate Sales, B2B Relationship Building, Contract Negotiation, Market Analysis, Account Management",Internal Team
Internal,Food Service Coordinator,1,"Order Management, Delivery Logistics, Customer Service, POS Systems, Inventory Management",Internal Team
Internal,Prep Cook/Kitchen Assistant,1,"Food Preparation, Kitchen Safety, Equipment Operation, Portion Control, Team Collaboration",Internal Team
Internal,Marketing Specialist,0.75,"B2B Marketing, Local Business Outreach, Digital Marketing, Brand Development, Corporate Communications",Internal Team
External,Consultant,1,Strategic advisory and specialized expertise,External/Vendor
External,Software,1,Project management and collaboration tools,External/Vendor