Risk ID,Risk Description,Probability,Impact,Severity,Mitigation Strategy,Owner
R001,Internal weakness: Limited Scale and Resources,35%,Low,4 (Low),"Prioritize workload, identify backup resources, and establish resource escalation path",Catering Operations Manager
R002,Internal weakness: Dependence on Business Hours,25%,Low,3 (Low),"Review strategy quarterly with leadership, maintain scenario plans, and track leading indicators",Executive Chef
R003,Internal weakness: Limited Brand Recognition,36%,Low,4 (Low),"Review strategy quarterly with leadership, maintain scenario plans, and track leading indicators",Business Development Manager
R004,Internal weakness: Operational Complexity,31%,Low,3 (Low),"Review strategy quarterly with leadership, maintain scenario plans, and track leading indicators",Food Service Coordinator
R005,Internal weakness: Limited Delivery Infrastructure,42%,Low,4 (Low),"Review strategy quarterly with leadership, maintain scenario plans, and track leading indicators",Prep Cook/Kitchen Assistant
R006,External threat: International Chain Competition,37%,Low,4 (Low),Develop competitive differentiation strategy and monitor competitor movements weekly,Marketing Specialist
R007,External threat: Economic Sensitivity,37%,Low,4 (Low),"Monitor market indicators monthly, develop scenario-based contingency plans, and maintain pricing flexibility",Catering Operations Manager
R008,External threat: Rising Operating Costs,33%,Low,3 (Low),"Establish contingency reserve (15% of budget), implement monthly cost reviews, and identify cost reduction levers",Executive Chef
R009,External threat: Changing Work Patterns,37%,Low,4 (Low),"Review strategy quarterly with leadership, maintain scenario plans, and track leading indicators",Business Development Manager
R010,External threat: Regulatory Compliance,37%,Low,4 (Low),"Engage legal counsel, implement compliance monitoring, and establish regulatory liaison",Catering Operations Manager