Workstream ID,Name,Description,Owner,Start Date,End Date,Status,Deliverables Count,Deliverables
WS001,Shop Design & Build-Out,"This workstream focuses on the design and construction of the coffee shop's physical space in the Abu Dhabi Business District. It involves the conceptualization of the shop’s layout, interior design reflecting the brand identity, selection of materials and fixtures suitable for a high-traffic area, and overseeing the build-out to ensure compliance with local regulations and timelines. It aims to create a welcoming atmosphere that enhances customer experience while maximizing operational efficiency.",Marketing Specialist,Month 0,Month 1,Pending,5,Detailed floor plan and design concept reflecting brand identity and operational flow; List of vendors and approved contractors for construction and interior work; A completed interior environment that meets UAE regulatory approvals and inspections; Installation of coffee shop equipment specific to high-quality beverage preparation; Project management report ensuring adherence to construction timeline and budget
WS002,Point of Sale (POS) System Implementation,"This workstream focuses on selecting, installing, and configuring a robust Point of Sale (POS) system tailored to the specific needs of the coffee shop in Abu Dhabi's business district. The goal is to ensure smooth operations, efficient transaction processing, and integration with inventory and customer management. The system will support both in-store and online orders to cater to a modern clientele.",Catering Operations Manager,Month 0,Month 1,Pending,5,"Selection of POS System Vendor: A detailed report including vendor comparisons, cost analysis, and recommendations for the most suitable POS system for the coffee shop's size and anticipated volume.; Installation & Setup: Successful installation and initial configuration of the POS hardware and software, including cashier stations, receipt printers, and integration with existing hardware such as coffee machines for order processing.; Employee Training Session: Conducting a comprehensive training program for staff on how to operate the POS system, manage transactions, and troubleshoot common issues, ensuring all team members are proficient prior to opening.; Integration with Inventory Management: Full integration of the POS system with inventory management software to enable real-time tracking of stock levels and automatic reorder alerts to prevent shortages.; Go-Live Support & Troubleshooting: Dedicated on-site support for the first week of operations to ensure all systems run smoothly, with quick resolution for any technical issues arising post-launch."
WS003,Operational Setup & Compliance,"This workstream involves setting up the operational framework for the coffee shop to ensure smooth daily operations are aligned with both local regulatory requirements and industry standards. The process includes acquiring necessary licenses and permits, establishing supply chain logistics, and setting up quality control measures to ensure product consistency and hygiene, all tailored to the Abu Dhabi business environment.",Catering Operations Manager,Month 4,Month 5,Pending,5,"Acquisition of required food and beverage licenses and health permits specific to the UAE market; Supply chain logistics plan with vetted local and international vendors for coffee, pastries, and other menu items; Standard Operating Procedures (SOP) manual for daily operations including opening/closing protocols, customer service standards, and food safety compliance; Employee training program outline focusing on local UAE cultural nuances, customer interaction, and hygiene standards; Quality control checklist tailored to the coffee industry, ensuring consistency in product offerings and adherence to safety standards"
WS004,Staff Recruitment & Onboarding for Coffee Shop,"This workstream involves the planning and execution of recruiting, hiring, and onboarding staff members for the new coffee shop in the Abu Dhabi Business District. It focuses on identifying talent that meets industry standards for customer service and coffee craftsmanship, ensuring a high-quality customer experience specific to the competitive Food & Beverage market in the region.",Marketing Specialist,Month 6,Month 7,Pending,5,"Job Descriptions and Roles Classification: Develop detailed job descriptions specific to roles such as baristas, shift supervisors, and kitchen staff, including experience and skill requirements tailored to a mid-market coffee shop environment.; Recruitment and Interview Plan: Create and implement a recruitment strategy that includes sourcing candidates through industry-specific channels, conducting interviews, and utilizing assessment tools designed for staff selection in hospitality.; Comprehensive Onboarding Program: Design an onboarding process with training modules focused on coffee preparation, customer service excellence, and safety protocols complying with Abu Dhabi's municipal regulations for food services.; Staff Training Sessions Schedule: Develop a schedule for staff training sessions, including barista skills workshops, customer relationship management, and handling of peak hour operations specific to a high foot traffic area.; Employee Handbook for Coffee Shop Operations: Produce an employee handbook detailing operational procedures, dress code, service standards, and company culture, tailored for the coffee shop sector within the business district environment."
WS005,Targeted Marketing Campaign for Coffee Shop Launch,This workstream involves designing and executing a comprehensive marketing strategy aimed at creating brand awareness and attracting foot traffic to the new coffee shop opening in the Abu Dhabi Business District. The focus will be on highlighting the unique offerings of our coffee selection and establishing a strong local presence through tailored marketing initiatives in the Food & Beverage sector.,Marketing Specialist,Month 6,Month 7,Pending,5,"Develop a launch event plan, including influencer engagement and media coverage strategies, to generate buzz within the local community.; Design and implement a loyalty program in collaboration with local businesses to encourage repeat customers and cross-promotional opportunities.; Create social media content calendar featuring visually appealing photography of signature coffee drinks and pastries tailored to local tastes.; Execute a multi-channel digital advertising campaign targeting office workers and commuters in the business district, emphasizing the convenience and quality of our offerings.; Produce in-store promotional materials including signage, brochures, and discount vouchers to increase customer conversion rates and enhance brand visibility."
WS006,Regulatory Compliance & Licensing Setup,"This workstream focuses on ensuring that all necessary legal and regulatory requirements are met for opening a coffee shop in the Abu Dhabi Business District. It involves obtaining all required licenses and permits, understanding industry-specific compliance related to health and safety standards, labor laws, and other local regulations specific to the Food & Beverage sector.",Catering Operations Manager,Month 2,Month 3,Pending,5,"Acquisition of Food Safety License: Documentation and approval from the Abu Dhabi Food Control Authority (ADFCA) to operate safely within the district.; Trade License Registration: Completion and submission of forms to the Abu Dhabi Department of Economic Development (DED) for legal operation under the retail food service category.; Employee Occupational Health Cards: Securing mandatory health cards for all employees, ensuring compliance with local labor and health laws.; Building Permit and Signage Approval: Obtaining necessary permissions for premises modifications and exterior signage that comply with Abu Dhabi’s municipal regulations.; Supplier Agreement Contracts: Draft and finalize legally-compliant contracts with suppliers ensuring that all goods meet local quality and safety standards."