Task ID,Task Name,Resource ID,Resource Name,Resource Role,Resource Type,Status,Allocation %,Assigned From,Assigned To
WS002-D2,Integration of the POS system with the existing inventory management system to automate inventory tracking and reordering.,INT-004,Technology & Systems Specialist,Technology & Systems Specialist,internal_team,assigned,42,2026-02-01,2026-03-01
WS001-D1,"Completed interior design plan tailored to the Specialty Cafe brand, including layout, furniture selection, and decor",INT-003,Cafe Design & Construction Lead,Cafe Design & Construction Lead,internal_team,assigned,36,2026-02-01,2026-03-01
WS001-D2,"Fully constructed and equipped kitchen and serving area, compliant with UAE food safety regulations",INT-003,Cafe Design & Construction Lead,Cafe Design & Construction Lead,internal_team,assigned,36,2026-02-01,2026-03-01
WS001-D3,Installed and tested coffee and kitchen equipment with a focus on quality and durability suitable for a high-traffic location,INT-003,Cafe Design & Construction Lead,Cafe Design & Construction Lead,internal_team,assigned,36,2026-02-01,2026-03-01
WS001-D4,Detailed operations manual covering maintenance and safety procedures for all installed equipment,INT-001,Cafe Operations Manager,Cafe Operations Manager,internal_team,assigned,25,2026-02-01,2026-03-01
WS001-D5,Final inspection report and occupancy certification obtained from local authorities,INT-007,Compliance & Licensing Specialist,Compliance & Licensing Specialist,internal_team,assigned,50,2026-02-01,2026-03-01
WS002-D1,"Customized POS system setup with support for multiple payment methods, including contactless and mobile payments.",INT-004,Technology & Systems Specialist,Technology & Systems Specialist,internal_team,assigned,42,2026-02-01,2026-03-01
WS002-D3,"Implementation of a sales analytics dashboard providing real-time insights into sales performance, peak times, and popular items.",INT-004,Technology & Systems Specialist,Technology & Systems Specialist,internal_team,assigned,42,2026-02-01,2026-03-01
WS002-D4,Training materials and sessions for staff to ensure they are proficient in using the new POS system.,INT-005,HR & Training Coordinator,HR & Training Coordinator,internal_team,assigned,42,2026-02-01,2026-03-01
WS002-D5,Complete security audit of the POS system to protect customer data and prevent fraudulent activities.,EXT-001,Consultant,Consultant,external_resource,assigned,25,2026-02-01,2026-03-01
WS003-D1,"Comprehensive Supply Chain Plan: A finalized list of suppliers and logistics arrangements for regular and specialty ingredients, ensuring consistent and reliable inventory.",INT-001,Cafe Operations Manager,Cafe Operations Manager,internal_team,assigned,25,2026-06-01,2026-07-01
WS003-D2,"Staff Training Program: A series of training modules and scheduling for baristas and support staff, focusing on specialty coffee preparation, customer service excellence, and operational safety.",INT-005,HR & Training Coordinator,HR & Training Coordinator,internal_team,assigned,42,2026-06-01,2026-07-01
WS003-D3,"Cafe Equipment Setup: Complete installation of coffee machines, POS systems, and kitchen equipment, with operational testing and staff familiarization.",INT-002,Head Barista,Head Barista,internal_team,assigned,31,2026-06-01,2026-07-01
WS003-D4,"Health and Safety Certification: Securing necessary health permits and certifications, ensuring compliance with Dubai Mall and local government health regulations.",INT-007,Compliance & Licensing Specialist,Compliance & Licensing Specialist,internal_team,assigned,50,2026-06-01,2026-07-01
WS003-D5,"Operational Procedures Manual: A detailed guide outlining standard operating procedures for the cafe, including customer service protocols, daily and weekly operational checklists, and emergency response plans.",INT-001,Cafe Operations Manager,Cafe Operations Manager,internal_team,assigned,25,2026-06-01,2026-07-01
WS004-D1,"Comprehensive Recruitment Plan: A timeline and strategic plan detailing recruitment efforts to hire skilled baristas, customer service staff, and management, aligning with the launch deadlines.",INT-005,HR & Training Coordinator,HR & Training Coordinator,internal_team,assigned,42,2026-03-01,2026-04-01
WS004-D2,"Specialized Training Program: A tailored training curriculum focusing on specialty coffee preparation, customer interaction, and cultural sensitivity training specific to the Dubai market.",INT-002,Head Barista,Head Barista,internal_team,assigned,31,2026-03-01,2026-04-01
WS004-D3,"Employee Onboarding Package: A set of materials and information for new hires, including company values, operational procedures, and team expectations, ensuring readiness for launch.",INT-005,HR & Training Coordinator,HR & Training Coordinator,internal_team,assigned,42,2026-03-01,2026-04-01
WS004-D4,"Performance Metrics and Evaluation Criteria: A framework for assessing employee performance during the launch phase, with clear benchmarks specific to the cafe's operational goals.",INT-001,Cafe Operations Manager,Cafe Operations Manager,internal_team,assigned,25,2026-03-01,2026-04-01
WS004-D5,"Staff Scheduling Plan: An optimized staff schedule to ensure adequate coverage and efficiency during peak and off-peak hours, considering the high volume and fast-paced environment of Dubai Mall.",INT-005,HR & Training Coordinator,HR & Training Coordinator,internal_team,assigned,42,2026-03-01,2026-04-01
WS005-D1,"Comprehensive Market Analysis Report: A detailed report analyzing the Dubai food & beverage market trends, competitor analysis, and customer preferences specific to luxury malls.",INT-006,Marketing & Community Manager,Marketing & Community Manager,internal_team,assigned,42,2026-04-01,2026-05-01
WS005-D2,"Social Media Marketing Plan: A strategic plan for promoting the Specialty Cafe across social media platforms like Instagram and Facebook, including content calendars, visual concepts, and influencer collaborations.",INT-006,Marketing & Community Manager,Marketing & Community Manager,internal_team,assigned,42,2026-04-01,2026-05-01
WS005-D3,"Launch Event Planning Document: A fully detailed plan for the cafe's launch event, highlighting event themes, guest list suggestions, brand collaborations, and promotional activities.",INT-006,Marketing & Community Manager,Marketing & Community Manager,internal_team,assigned,42,2026-04-01,2026-05-01
WS005-D4,"Email Marketing Campaign Blueprint: A sequence of customer-engaging emails targeting Dubai Mall visitors, with tailored content showcasing cafe specialties and launch day promotions.",INT-006,Marketing & Community Manager,Marketing & Community Manager,internal_team,assigned,42,2026-04-01,2026-05-01
WS005-D5,"Branded Promotional Materials: Design and production of visually appealing marketing materials like flyers, banners, and digital ads specifically aligned with the Specialty Cafe's brand identity.",EXT-002,Software,Software,external_resource,assigned,25,2026-04-01,2026-05-01
WS006-D1,Obtained Dubai Municipality Food Safety Permit,INT-007,Compliance & Licensing Specialist,Compliance & Licensing Specialist,internal_team,assigned,50,2026-04-01,2026-05-01
WS006-D2,Completed Staff Labor Law Compliance Training,INT-007,Compliance & Licensing Specialist,Compliance & Licensing Specialist,internal_team,assigned,50,2026-04-01,2026-05-01
WS006-D3,Registered with Dubai Department of Economic Development for a Food & Beverage Trade License,INT-007,Compliance & Licensing Specialist,Compliance & Licensing Specialist,internal_team,assigned,50,2026-04-01,2026-05-01
WS006-D4,Conducted Health and Safety Audit for Cafe Premises,INT-007,Compliance & Licensing Specialist,Compliance & Licensing Specialist,internal_team,assigned,50,2026-04-01,2026-05-01
WS006-D5,Acquired HACCP Certification for Food Handling and Safety,INT-007,Compliance & Licensing Specialist,Compliance & Licensing Specialist,internal_team,assigned,50,2026-04-01,2026-05-01