Risk ID,Risk Description,Probability,Impact,Severity,Mitigation Strategy,Owner
R001,Internal weakness: High Rental Costs,37%,High,11 (Medium),"Establish contingency reserve (15% of budget), implement monthly cost reviews, and identify cost reduction levers",Cafe Operations Manager
R002,Internal weakness: Limited Brand Recognition,33%,Low,3 (Low),"Review strategy quarterly with leadership, maintain scenario plans, and track leading indicators",Head Barista
R003,Internal weakness: Operational Complexity,28%,Low,3 (Low),"Review strategy quarterly with leadership, maintain scenario plans, and track leading indicators",Cafe Design & Construction Lead
R004,Internal weakness: Seasonal Revenue Fluctuations,31%,Low,3 (Low),"Review strategy quarterly with leadership, maintain scenario plans, and track leading indicators",Technology & Systems Specialist
R005,Internal weakness: Limited Marketing Budget,52%,Low,5 (Low),"Establish contingency reserve (15% of budget), implement monthly cost reviews, and identify cost reduction levers",HR & Training Coordinator
R006,External threat: Intense Market Competition,42%,Low,4 (Low),Develop competitive differentiation strategy and monitor competitor movements weekly,Marketing & Community Manager
R007,External threat: Economic Sensitivity,37%,Low,4 (Low),"Monitor market indicators monthly, develop scenario-based contingency plans, and maintain pricing flexibility",Compliance & Licensing Specialist
R008,External threat: Rising Operating Costs,33%,Low,3 (Low),"Establish contingency reserve (15% of budget), implement monthly cost reviews, and identify cost reduction levers",Cafe Operations Manager
R009,External threat: Changing Consumer Preferences,37%,Low,4 (Low),"Review strategy quarterly with leadership, maintain scenario plans, and track leading indicators",Head Barista
R010,External threat: Mall Dependency Risk,42%,Low,4 (Low),"Review strategy quarterly with leadership, maintain scenario plans, and track leading indicators",Cafe Design & Construction Lead