Workstream ID,Name,Description,Owner,Start Date,End Date,Status,Deliverables Count,Deliverables
WS001,Cafe Build-out and Equipment Installation,"This workstream focuses on designing and constructing the physical cafe space in Dubai Mall to align with brand aesthetics and operational needs, as well as installing all necessary kitchen and cafe equipment. This involves working closely with architects, interior designers, and suppliers to ensure the space is optimized for customer experience and staff efficiency, while adhering to safety and health regulations specific to the food and beverage industry.",Marketing & Community Manager,Month 0,Month 1,Pending,5,"Completed interior design plan tailored to the Specialty Cafe brand, including layout, furniture selection, and decor; Fully constructed and equipped kitchen and serving area, compliant with UAE food safety regulations; Installed and tested coffee and kitchen equipment with a focus on quality and durability suitable for a high-traffic location; Detailed operations manual covering maintenance and safety procedures for all installed equipment; Final inspection report and occupancy certification obtained from local authorities"
WS002,Point-of-Sale System Configuration & Integration,"This workstream focuses on setting up and integrating a robust and efficient point-of-sale (POS) system tailored to the needs of the Specialty Cafe at Dubai Mall. The system will be designed to handle high transaction volumes, support various payment methods, and provide an intuitive interface for cafe staff. Additionally, integration with inventory management to track stock levels and sales analytics for better decision-making is essential. This technology system is crucial in ensuring seamless operations and enhancing customer experience in the fast-paced environment of Dubai Mall.",Cafe Operations Manager,Month 0,Month 1,Pending,5,"Customized POS system setup with support for multiple payment methods, including contactless and mobile payments.; Integration of the POS system with the existing inventory management system to automate inventory tracking and reordering.; Implementation of a sales analytics dashboard providing real-time insights into sales performance, peak times, and popular items.; Training materials and sessions for staff to ensure they are proficient in using the new POS system.; Complete security audit of the POS system to protect customer data and prevent fraudulent activities."
WS003,Operational Readiness for Specialty Cafe Launch,"This workstream focuses on preparing all operational aspects to ensure the successful launch and ongoing efficiency of the new specialty cafe at Dubai Mall. It includes planning and execution of supply chain logistics, staff training, equipment installation, and compliance with local health regulations, tailored specifically for the Food & Beverage sector.",Cafe Operations Manager,Month 4,Month 5,Pending,5,"Comprehensive Supply Chain Plan: A finalized list of suppliers and logistics arrangements for regular and specialty ingredients, ensuring consistent and reliable inventory.; Staff Training Program: A series of training modules and scheduling for baristas and support staff, focusing on specialty coffee preparation, customer service excellence, and operational safety.; Cafe Equipment Setup: Complete installation of coffee machines, POS systems, and kitchen equipment, with operational testing and staff familiarization.; Health and Safety Certification: Securing necessary health permits and certifications, ensuring compliance with Dubai Mall and local government health regulations.; Operational Procedures Manual: A detailed guide outlining standard operating procedures for the cafe, including customer service protocols, daily and weekly operational checklists, and emergency response plans."
WS004,Talent Acquisition & Training for Specialty Cafe Launch,"This workstream focuses on identifying, recruiting, and training a skilled team for the launch of the Specialty Cafe within the Dubai Mall. Given the high-priority nature of this launch, the workstream will ensure that Human Resources is aligned with the specific requirements of the Food & Beverage industry, focusing on hospitality excellence, barista skills, customer service, and cultural engagement relevant to the Dubai market.",Marketing & Community Manager,Month 1,Month 2,Pending,5,"Comprehensive Recruitment Plan: A timeline and strategic plan detailing recruitment efforts to hire skilled baristas, customer service staff, and management, aligning with the launch deadlines.; Specialized Training Program: A tailored training curriculum focusing on specialty coffee preparation, customer interaction, and cultural sensitivity training specific to the Dubai market.; Employee Onboarding Package: A set of materials and information for new hires, including company values, operational procedures, and team expectations, ensuring readiness for launch.; Performance Metrics and Evaluation Criteria: A framework for assessing employee performance during the launch phase, with clear benchmarks specific to the cafe's operational goals.; Staff Scheduling Plan: An optimized staff schedule to ensure adequate coverage and efficiency during peak and off-peak hours, considering the high volume and fast-paced environment of Dubai Mall."
WS005,Targeted Marketing Campaign Development,"This workstream focuses on creating an effective marketing strategy to promote the Specialty Cafe's launch in the Dubai Mall. The strategy will be tailored to the food and beverage industry and target the unique demographics of Dubai Mall visitors. The campaign will highlight the cafe's unique selling propositions, such as specialty coffee blends and exclusive desserts, through various channels to maximize reach and engagement.",Marketing & Community Manager,Month 2,Month 3,Pending,5,"Comprehensive Market Analysis Report: A detailed report analyzing the Dubai food & beverage market trends, competitor analysis, and customer preferences specific to luxury malls.; Social Media Marketing Plan: A strategic plan for promoting the Specialty Cafe across social media platforms like Instagram and Facebook, including content calendars, visual concepts, and influencer collaborations.; Launch Event Planning Document: A fully detailed plan for the cafe's launch event, highlighting event themes, guest list suggestions, brand collaborations, and promotional activities.; Email Marketing Campaign Blueprint: A sequence of customer-engaging emails targeting Dubai Mall visitors, with tailored content showcasing cafe specialties and launch day promotions.; Branded Promotional Materials: Design and production of visually appealing marketing materials like flyers, banners, and digital ads specifically aligned with the Specialty Cafe's brand identity."
WS006,Regulatory Compliance & Licensing,"This workstream focuses on ensuring that the Specialty Cafe Launch in Dubai Mall meets all legal and regulatory requirements specific to the Food & Beverage industry. This includes addressing labor laws, health and safety standards, and obtaining necessary permits and licenses for operating a food service business in Dubai. The goal is to ensure full compliance to avoid any legal hindrances and to maintain the trust of stakeholders and customers.",Marketing & Community Manager,Month 2,Month 3,Pending,5,Obtained Dubai Municipality Food Safety Permit; Completed Staff Labor Law Compliance Training; Registered with Dubai Department of Economic Development for a Food & Beverage Trade License; Conducted Health and Safety Audit for Cafe Premises; Acquired HACCP Certification for Food Handling and Safety