Workstream ID,Name,Description,Owner,Start Date,End Date,Status,Task Count,Progress
WS001,"Successful upscale Chinese restaurant operations in Dubai require balancing authentic cuisine with sophisticated service standards, supported by digital platforms and premium ingredient sourcing. Critical activities include implementing technology systems, maintaining cultural authenticity while adapting to local preferences, and managing high operational costs in a saturated market.","Successful upscale Chinese restaurant operations in Dubai require balancing authentic cuisine with sophisticated service standards, supported by digital platforms and premium ingredient sourcing. Critical activities include implementing technology systems, maintaining cultural authenticity while adapting to local preferences, and managing high operational costs in a saturated market.",-,Month 1,Month 1,Pending,0,-
WS002,Go-to-Market Strategy,"Go-to-Market Strategy
Chinese restaurants in Dubai reach customers through multiple channels including physical dining locations in high-traffic areas, food delivery apps (which account for 20%+ of revenue), and targeted marketing through Chinese social media platforms. However, location choice is critical as business districts provide predictable weekday lunch traffic but limit weekend dining potential.",-,Month 2,Month 3,Pending,0,-
WS003,Customer Success & Retention,"Customer Success & Retention
Dubai's upscale Chinese restaurant market demands sophisticated customer relationship models combining personalized service with digital efficiency. Research reveals that fine dining establishments must balance authentic cultural experiences with modern CRM systems, while addressing the challenges of serving a predominantly expatriate customer base in a highly competitive market.",-,Month 4,Month 5,Pending,0,-
WS004,Technology Platform Development,"Technology Platform Development
Build and maintain core platform capabilities",-,Month 6,Month 7,Pending,0,-