Task ID,Task Name,Resource ID,Resource Name,Resource Role,Resource Type,Status,Allocation %,Assigned From,Assigned To
WS001-D1,"Completed Structural & Interior Design Plans: Detailed documentation showcasing floor plans, seating arrangements, and interior decor that reflect traditional aspects while ensuring functionality and compliance with regulatory standards.",INT-003,Cafe Design & Construction Lead,Cafe Design & Construction Lead,internal_team,assigned,36,2026-02-01,2026-03-01
WS001-D2,"Permit Approvals: Secured all necessary construction, health, and safety permits from Dubai Municipality and other relevant authorities to legally commence operations.",INT-007,Compliance & Licensing Specialist,Compliance & Licensing Specialist,internal_team,assigned,50,2026-02-01,2026-03-01
WS001-D3,"Fully Equipped Kitchen and Service Area: Installation of necessary kitchen equipment such as espresso machines, ovens, and cooling systems specifically chosen to meet menu requirements, along with setup of a functional barista and service area.",INT-008,Cafe Build-out Manager,Cafe Build-out Manager,internal_team,assigned,25,2026-02-01,2026-03-01
WS001-D4,"Interior Decor and Branding Set Up: Implementation of design elements including lighting, furnishings, and cultural accents that reflect traditional themes, creating a distinctive ambience.",INT-003,Cafe Design & Construction Lead,Cafe Design & Construction Lead,internal_team,assigned,36,2026-02-01,2026-03-01
WS001-D5,"Staff Safety and Operations Manual: Comprehensive guide detailing operational procedures, safety protocols, and customer service standards, customized for the cafe’s unique setting and menu offerings.",INT-001,Cafe Operations Manager,Cafe Operations Manager,internal_team,assigned,25,2026-02-01,2026-03-01
WS002-D1,Selection and procurement of a POS system compatible with the cafe's operational needs and aligned with local market expectations.,INT-004,Technology & Systems Specialist,Technology & Systems Specialist,internal_team,assigned,42,2026-04-01,2026-05-01
WS002-D2,"Development and installation of a digital menu system, including a user-friendly interface for customer interaction and real-time update capabilities.",INT-009,Digital Systems Lead,Digital Systems Lead,internal_team,assigned,25,2026-04-01,2026-05-01
WS002-D3,Integration of the POS system with a back-end inventory management platform to automate inventory tracking and supply chain orders.,INT-004,Technology & Systems Specialist,Technology & Systems Specialist,internal_team,assigned,42,2026-04-01,2026-05-01
WS002-D4,"Training modules for staff on the usage of new technology systems, focusing on efficiency and customer interaction enhancements.",INT-005,HR & Training Coordinator,HR & Training Coordinator,internal_team,assigned,42,2026-04-01,2026-05-01
WS002-D5,"Set up of analytics and reporting tools within the POS system to track sales patterns, customer preferences, and operational metrics.",INT-009,Digital Systems Lead,Digital Systems Lead,internal_team,assigned,25,2026-04-01,2026-05-01
WS003-D1,List of verified local and international suppliers for traditional café ingredients with agreed pricing and delivery schedules,INT-010,Supply Chain Manager,Supply Chain Manager,internal_team,assigned,25,2026-03-01,2026-04-01
WS003-D2,"Comprehensive menu tailored to the Dubai market, including cost analysis and ingredient sourcing plan",INT-002,Head Barista,Head Barista,internal_team,assigned,31,2026-03-01,2026-04-01
WS003-D3,Documentation of health and safety compliance for ingredients and menu offerings as per Dubai Municipality guidelines,INT-011,Compliance Specialist,Compliance Specialist,internal_team,assigned,25,2026-03-01,2026-04-01
WS003-D4,Completed taste testing sessions with feedback and adjustments recorded for menu finalization,INT-002,Head Barista,Head Barista,internal_team,assigned,31,2026-03-01,2026-04-01
WS003-D5,Supplier contracts finalized and signed for consistent supply chain management,INT-010,Supply Chain Manager,Supply Chain Manager,internal_team,assigned,25,2026-03-01,2026-04-01
WS004-D1,Comprehensive Job Description and Role Requirements tailored for cafe operations in Dubai,INT-005,HR & Training Coordinator,HR & Training Coordinator,internal_team,assigned,42,2026-05-01,2026-06-01
WS004-D2,Selection and Hiring of Staff with experience in traditional coffee making and food service,INT-005,HR & Training Coordinator,HR & Training Coordinator,internal_team,assigned,42,2026-05-01,2026-06-01
WS004-D3,Onboarding Program that includes training on customer service excellence and traditional preparation techniques,INT-005,HR & Training Coordinator,HR & Training Coordinator,internal_team,assigned,42,2026-05-01,2026-06-01
WS004-D4,Compliance Checklist and Training Manual to ensure adherence to local labor laws and cultural norms,INT-007,Compliance & Licensing Specialist,Compliance & Licensing Specialist,internal_team,assigned,50,2026-05-01,2026-06-01
WS004-D5,Ongoing Skill Development Workshops focused on traditional food and beverage preparation methods,INT-002,Head Barista,Head Barista,internal_team,assigned,31,2026-05-01,2026-06-01
WS005-D1,"Market Analysis Report: Detailed insights on local consumption trends, key competitors, and potential customer segments in Dubai.",INT-006,Marketing & Community Manager,Marketing & Community Manager,internal_team,assigned,42,2026-04-01,2026-05-01
WS005-D2,Brand Positioning Plan: A strategic outline of the cafe's unique selling propositions tailored to attract Dubai's diverse clientele.,INT-006,Marketing & Community Manager,Marketing & Community Manager,internal_team,assigned,42,2026-04-01,2026-05-01
WS005-D3,Digital Marketing Campaign Launch: A series of culturally relevant social media and online marketing initiatives to build brand awareness pre-launch.,INT-006,Marketing & Community Manager,Marketing & Community Manager,internal_team,assigned,42,2026-04-01,2026-05-01
WS005-D4,"Customer Engagement Strategy: A plan focusing on loyalty programs, promotions, and community events to foster long-term customer relationships.",INT-006,Marketing & Community Manager,Marketing & Community Manager,internal_team,assigned,42,2026-04-01,2026-05-01
WS005-D5,"Partnership Development Initiatives: Identifying and establishing partnerships with local influencers, suppliers, or other businesses to enhance market visibility.",EXT-001,Consultant,Consultant,external_resource,assigned,25,2026-04-01,2026-05-01
WS006-D1,"Approved Dubai Municipality Food Permit: Successfully obtain and secure the necessary food permit from the Dubai Municipality, ensuring legal operation of the cafe.",INT-011,Compliance Specialist,Compliance Specialist,internal_team,assigned,25,2026-04-01,2026-05-01
WS006-D2,Comprehensive Health & Safety Compliance Checklist: Create and implement a detailed checklist tailored to the traditional cafe's operations that meets all health and safety standards required in the UAE.,INT-007,Compliance & Licensing Specialist,Compliance & Licensing Specialist,internal_team,assigned,50,2026-04-01,2026-05-01
WS006-D3,"Staff Training Certification in Food Safety: Ensure all staff undergo certified training programs on food safety and hygiene practices, validated by accredited local organizations.",INT-011,Compliance Specialist,Compliance Specialist,internal_team,assigned,25,2026-04-01,2026-05-01
WS006-D4,"Labor Law Compliance Documentation: Compile and maintain documentation proving adherence to local labor laws, including worker contracts and rights documentation for all employees.",INT-007,Compliance & Licensing Specialist,Compliance & Licensing Specialist,internal_team,assigned,50,2026-04-01,2026-05-01
WS006-D5,"Certified Supplier Agreements: Establish agreements with suppliers that are certified for food safety standards, ensuring all products and materials used in the cafe meet regulatory requirements.",INT-010,Supply Chain Manager,Supply Chain Manager,internal_team,assigned,25,2026-04-01,2026-05-01