Resource Type,Role/Title,FTE/Quantity,Skills/Responsibilities,Source
Internal,Cafe Operations Manager,1,"cafe operations, staff management, inventory control, P&L",Internal Team
Internal,Head Barista,0.8,"espresso preparation, latte art, quality control, training",Internal Team
Internal,Cafe Design & Construction Lead,0.7,"interior design, contractor management, buildout, permits",Internal Team
Internal,Technology & Systems Specialist,0.6,"POS systems, WiFi infrastructure, digital integration, customer experience tech",Internal Team
Internal,HR & Training Coordinator,0.6,"recruitment, barista training, onboarding, staff scheduling",Internal Team
Internal,Marketing & Community Manager,0.6,"local marketing, social media, community events, brand building",Internal Team
Internal,Compliance & Licensing Specialist,0.5,"food safety, health permits, regulatory compliance, inspections",Internal Team
Internal,Cafe Build-out Manager,1,"fit-out, build-out, interior design, renovation",Internal Team
Internal,Digital Systems Lead,1,"POS systems, IT infrastructure, digital integration",Internal Team
Internal,Supply Chain Manager,1,"vendor management, inventory, logistics",Internal Team
Internal,Compliance Specialist,1,"regulatory compliance, food safety, licensing, permits",Internal Team
External,Consultant,1,Strategic advisory and specialized expertise,External/Vendor
External,Software,1,Project management and collaboration tools,External/Vendor