Risk ID,Risk Description,Probability,Impact,Severity,Mitigation Strategy,Owner
R001,Internal weakness: High Operating Costs,37%,High,11 (Medium),"Establish contingency reserve (15% of budget), implement monthly cost reviews, and identify cost reduction levers",Cafe Operations Manager
R002,Internal weakness: Intense Competition,45%,Low,5 (Low),Develop competitive differentiation strategy and monitor competitor movements weekly,Head Barista
R003,Internal weakness: Seasonal Revenue Fluctuations,28%,Low,3 (Low),"Review strategy quarterly with leadership, maintain scenario plans, and track leading indicators",Cafe Design & Construction Lead
R004,Internal weakness: Limited Brand Recognition,39%,Low,4 (Low),"Review strategy quarterly with leadership, maintain scenario plans, and track leading indicators",Technology & Systems Specialist
R005,Internal weakness: Regulatory Compliance Complexity,37%,Low,4 (Low),"Engage legal counsel, implement compliance monitoring, and establish regulatory liaison",Cafe Operations Manager
R006,External threat: Economic Volatility,34%,Low,3 (Low),"Monitor market indicators monthly, develop scenario-based contingency plans, and maintain pricing flexibility",HR & Training Coordinator
R007,External threat: Chain Restaurant Expansion,25%,Low,3 (Low),"Review strategy quarterly with leadership, maintain scenario plans, and track leading indicators",Marketing & Community Manager
R008,External threat: Changing Consumer Preferences,34%,Low,3 (Low),"Review strategy quarterly with leadership, maintain scenario plans, and track leading indicators",Compliance & Licensing Specialist
R009,External threat: Rising Labor Costs,36%,Low,4 (Low),"Establish contingency reserve (15% of budget), implement monthly cost reviews, and identify cost reduction levers",Cafe Build-out Manager
R010,External threat: Regulatory Changes,37%,Low,4 (Low),"Engage legal counsel, implement compliance monitoring, and establish regulatory liaison",Cafe Operations Manager