Workstream ID,Name,Description,Owner,Start Date,End Date,Status,Deliverables Count,Deliverables
WS001,Cafe Infrastructure Development & Setup,"This workstream focuses on the planning, construction, and fitting-out of a traditional cafe designed to attract local residents and tourists in the competitive Dubai cafe market. Key activities include site preparation, interior design tailored to traditional UAE aesthetics, compliance with local food safety regulations, and procurement of specialized kitchen and cafe equipment. The aim is to create a culturally resonant and inviting cafe environment that enhances customer experience.",Cafe Build-out Manager,Month 0,Month 1,Pending,5,"Completed Structural & Interior Design Plans: Detailed documentation showcasing floor plans, seating arrangements, and interior decor that reflect traditional aspects while ensuring functionality and compliance with regulatory standards.; Permit Approvals: Secured all necessary construction, health, and safety permits from Dubai Municipality and other relevant authorities to legally commence operations.; Fully Equipped Kitchen and Service Area: Installation of necessary kitchen equipment such as espresso machines, ovens, and cooling systems specifically chosen to meet menu requirements, along with setup of a functional barista and service area.; Interior Decor and Branding Set Up: Implementation of design elements including lighting, furnishings, and cultural accents that reflect traditional themes, creating a distinctive ambience.; Staff Safety and Operations Manual: Comprehensive guide detailing operational procedures, safety protocols, and customer service standards, customized for the cafe’s unique setting and menu offerings."
WS002,Point of Sale System Implementation & Digital Menu Setup,"This workstream involves the selection, installation, and setup of technology systems specifically designed for a mid-market traditional cafe setting in Dubai. The focus is on implementing an efficient Point of Sale (POS) system integrated with a digital menu and inventory management tools that cater to the food and beverage sector. This will enhance order accuracy, streamline payment processes, and improve customer service.",Digital Systems Lead,Month 2,Month 3,Pending,5,"Selection and procurement of a POS system compatible with the cafe's operational needs and aligned with local market expectations.; Development and installation of a digital menu system, including a user-friendly interface for customer interaction and real-time update capabilities.; Integration of the POS system with a back-end inventory management platform to automate inventory tracking and supply chain orders.; Training modules for staff on the usage of new technology systems, focusing on efficiency and customer interaction enhancements.; Set up of analytics and reporting tools within the POS system to track sales patterns, customer preferences, and operational metrics."
WS003,Supply Chain & Menu Development,"This workstream focuses on establishing a robust supply chain for high-quality traditional ingredients essential to a café in Dubai, as well as developing a menu that caters to local tastes while aligning with traditional café offerings. This involves sourcing reliable suppliers of fresh and authentic produce, conducting taste testing, and ensuring menu suitability and compliance with Dubai's food safety and regulatory standards.",Supply Chain Manager,Month 1,Month 2,Pending,5,"List of verified local and international suppliers for traditional café ingredients with agreed pricing and delivery schedules; Comprehensive menu tailored to the Dubai market, including cost analysis and ingredient sourcing plan; Documentation of health and safety compliance for ingredients and menu offerings as per Dubai Municipality guidelines; Completed taste testing sessions with feedback and adjustments recorded for menu finalization; Supplier contracts finalized and signed for consistent supply chain management"
WS004,Recruitment and Training of Cafe Staff,"This workstream focuses on the recruitment, onboarding, and continuous training of staff specifically tailored for the cafe's traditional offerings in Dubai. It involves hiring experienced personnel to ensure excellent customer service and traditional food and beverage preparation skills, while also complying with Dubai's labor laws and cultural nuances. Continuous training modules will be implemented to maintain high-quality service and enhance skillsets in line with traditional food preparation methods.",Hr & Training Coordinator,Month 3,Month 4,Pending,5,Comprehensive Job Description and Role Requirements tailored for cafe operations in Dubai; Selection and Hiring of Staff with experience in traditional coffee making and food service; Onboarding Program that includes training on customer service excellence and traditional preparation techniques; Compliance Checklist and Training Manual to ensure adherence to local labor laws and cultural norms; Ongoing Skill Development Workshops focused on traditional food and beverage preparation methods
WS005,Local Market Penetration Strategy,"This workstream focuses on diving deep into the Dubai market to establish a competitive edge for a new traditional cafe. It involves crafting a marketing strategy that resonates with local tastes and preferences, identifying key customer demographics, and establishing a unique brand presence in the vibrant food and beverage scene.",Marketing & Community Manager,Month 2,Month 3,Pending,5,"Market Analysis Report: Detailed insights on local consumption trends, key competitors, and potential customer segments in Dubai.; Brand Positioning Plan: A strategic outline of the cafe's unique selling propositions tailored to attract Dubai's diverse clientele.; Digital Marketing Campaign Launch: A series of culturally relevant social media and online marketing initiatives to build brand awareness pre-launch.; Customer Engagement Strategy: A plan focusing on loyalty programs, promotions, and community events to foster long-term customer relationships.; Partnership Development Initiatives: Identifying and establishing partnerships with local influencers, suppliers, or other businesses to enhance market visibility."
WS006,Food Safety & Legal Compliance Setup,"This workstream focuses on ensuring that the traditional cafe in Dubai adheres to all necessary local and national legal requirements specific to the food and beverage industry. It involves obtaining the required licenses, permits, and health and safety certifications essential for food operations in Dubai. The workstream will ensure that the cafe complies with food safety regulations and standards, including safe food handling practices, hygiene protocols, and labor laws. This is crucial to mitigate risks related to legal penalties, health violations, and potential business interruptions.",Compliance Specialist,Month 2,Month 3,Pending,5,"Approved Dubai Municipality Food Permit: Successfully obtain and secure the necessary food permit from the Dubai Municipality, ensuring legal operation of the cafe.; Comprehensive Health & Safety Compliance Checklist: Create and implement a detailed checklist tailored to the traditional cafe's operations that meets all health and safety standards required in the UAE.; Staff Training Certification in Food Safety: Ensure all staff undergo certified training programs on food safety and hygiene practices, validated by accredited local organizations.; Labor Law Compliance Documentation: Compile and maintain documentation proving adherence to local labor laws, including worker contracts and rights documentation for all employees.; Certified Supplier Agreements: Establish agreements with suppliers that are certified for food safety standards, ensuring all products and materials used in the cafe meet regulatory requirements."