Workstream ID,Name,Description,Owner,Start Date,End Date,Status,Deliverables Count,Deliverables
WS001,Site Evaluation & Kitchen Setup,"This workstream focuses on identifying suitable locations for expansion, negotiating leases, and setting up food preparation and service areas. It is essential to ensure the location supports efficient operations and complies with local food safety and zoning regulations.",-,Month 0,Month 1,Pending,5,"Detailed site analysis reports for three potential new locations, including demographic data, foot traffic analysis, and competitor mapping.; Completed lease agreements for selected location(s) addressing terms favorable for a small to medium-sized retail food service.; Design and layout plan for the kitchen and service area optimized for workflow efficiency and compliance with health and safety standards.; Permits and licenses necessary for kitchen operation and retail food service at the selected location(s).; List of preferred contractors and suppliers for kitchen build-out and equipment procurement, including quotes and timelines."
WS002,Retail Technology Optimization,"This workstream focuses on optimizing and integrating technology systems to enhance operational efficiency and customer experience within Unnamed Business. The initiative will involve upgrading point-of-sale systems, implementing inventory management software, and enhancing digital interfaces to streamline processes and improve service delivery in the general retail-food service sector.",-,Month 0,Month 1,Pending,5,"Deployment of an upgraded point-of-sale software tailored to streamline checkout processes and integrate with existing inventory systems.; Implementation of an advanced inventory management system that includes real-time tracking and automated reordering capabilities.; Design and rollout of a customer-facing digital interface to facilitate online orders and in-store pick-ups, improving overall customer experience.; Integration of customer feedback systems within digital platforms to gather insights and enhance service delivery.; Training program for staff on new technology systems to ensure smooth adoption and utilization."
WS003,Supply Chain Optimization for Retail Food Service,"This workstream focuses on enhancing the efficiency of the supply chain operations within Unnamed Business. It involves scrutinizing the current supply chain processes, from procurement to delivery, with the goal of minimizing wastage, ensuring consistent product availability, and reducing costs specific to the retail food service sector. Tailored to the scale of an SMB, this involves implementing industry-specific strategies to maintain a competitive edge while meeting the needs of customers efficiently.",-,Month 2,Month 3,Pending,5,Detailed supply chain audit report highlighting inefficiencies and opportunities; Implementation of an inventory management system tailored for perishable goods; Supplier negotiation strategies document aimed at cost reduction and quality improvement; Logistical optimization plan to improve delivery times and reduce transportation costs; Training program for staff on new supply chain procedures to ensure seamless operations
WS004,Talent Acquisition & Workforce Optimization,"This workstream focuses on recruiting skilled personnel and optimizing current workforce operations to enhance the efficiency and performance of Unnamed Business in the retail food service sector. Given the general industry context, emphasis will be placed on sourcing individuals who bring a diverse skill set, including customer service, food safety, and sales. The workstream will also address workforce planning to align staff levels with business demands while ensuring compliance with industry regulations.",-,Month 2,Month 3,Pending,5,"Comprehensive Recruitment Plan: Document outlining sourcing strategies, job descriptions, and recruitment timelines tailored to identify and attract talent for key positions.; Workforce Utilization Report: Analysis of current staffing levels and recommendations for optimization to meet seasonal or peak demand, ensuring operational efficiency.; Employee Onboarding Program: Development of an orientation and training framework to equip new hires with necessary skills specific to retail food service operations and customer engagement.; Performance Management System: Implementation of a system to evaluate employee performance against set KPIs, facilitating continuous improvement and career development.; Compliance Audit Report: A detailed examination to ensure all HR processes align with legal requirements regarding employment standards and industry-specific regulations."
WS005,Comprehensive Community Engagement Campaign,"This workstream focuses on enhancing brand visibility and building strong community relationships for the Unnamed Business in the general retail food service industry. This involves creating and executing targeted marketing strategies that resonate with the community, utilizing both digital and physical channels to drive engagement and sales.",-,Month 2,Month 3,Pending,5,"Development of a Community-Centric Brand Messaging Guide: A detailed guide tailored to the local community's cultural and social nuances, ensuring all marketing communications are aligned and resonate well with the target audience.; Execution of Three Local Pop-Up Events: Organizing community events at high-traffic local venues to boost brand awareness and direct engagement with potential customers, ensuring maximum reach and interaction.; Implementation of a Geo-Targeted Social Media Advertising Campaign: A focused digital campaign utilizing platforms such as Facebook and Instagram, targeting local demographics to increase online visibility and drive foot traffic to retail locations.; Partnership with Local Influencers: Identification and collaboration with local social media influencers to amplify reach and enhance brand credibility within the community, leading to increased brand awareness and engagement.; Customer Feedback Collection and Analysis Report: Collecting and analyzing customer feedback from various channels to understand community needs and improve future marketing strategies, ensuring continuous optimization of engagement efforts."
WS006,Retail Food Service Regulatory Compliance,"This workstream focuses on ensuring that the Unnamed Business meets all legal and regulatory requirements specific to the general food service industry. This includes health and safety standards, food handling regulations, and employment laws applicable to small-to-medium businesses operating within this sector. Given the critical nature of compliance, the workstream prioritizes audits, employee training, and documentation to minimize legal risks and maintain operational integrity.",-,Month 2,Month 3,Pending,5,"Comprehensive Compliance Audit Report detailing current adherence to food safety, health standards, and employment regulations.; Employee Training Program materials focused on regulatory requirements for food handling and customer safety.; Updated Operational Manual that includes documented compliance procedures and protocols specific to the general food service industry standards.; Quarterly Compliance Checklists to ensure ongoing adherence and timely identification of potential regulatory changes.; Incident Response Plan for handling regulatory breaches effectively and minimizing potential impacts on operations."