Task ID,Task Name,Resource ID,Resource Name,Resource Role,Resource Type,Status,Allocation %,Assigned From,Assigned To
WS006-D4,"Implementation of a compliant food safety management system with monitoring and documentation, including HACCP (Hazard Analysis Critical Control Points).",INT-011,Compliance Specialist,Compliance Specialist,internal_team,assigned,25,2026-04-01,2026-05-01
WS001-D1,"Comprehensive Floor Plan: Detailed architectural and interior design plans that consider seating arrangements, kitchen layout, storage areas, and customer flow.",INT-003,Cafe Design & Construction Lead,Cafe Design & Construction Lead,internal_team,assigned,36,2026-02-01,2026-03-01
WS001-D2,Local Government Compliance Report: Documentation that ensures all construction and design elements meet Dubai municipality regulations and health department standards.,INT-007,Compliance & Licensing Specialist,Compliance & Licensing Specialist,internal_team,assigned,50,2026-02-01,2026-03-01
WS001-D3,"Vendor and Contractor Selection: A list of vetted and approved contractors and vendors for construction and interior furnishings, preferably those with experience in the Food & Beverage sector.",INT-008,Cafe Design & Build Lead,Cafe Design & Build Lead,internal_team,assigned,25,2026-02-01,2026-03-01
WS001-D4,"Traditional Theme Interior Design Proposal: A concept proposal that outlines design elements reflecting traditional and cultural aesthetics including color palettes, lighting, and decor selection.",INT-003,Cafe Design & Construction Lead,Cafe Design & Construction Lead,internal_team,assigned,36,2026-02-01,2026-03-01
WS001-D5,"Construction Timeline and Milestone Document: A project schedule with key milestones for construction phases, inspections, and approvals, ensuring timely completion aligned with the cafe opening.",INT-008,Cafe Design & Build Lead,Cafe Design & Build Lead,internal_team,assigned,25,2026-02-01,2026-03-01
WS002-D1,"Installation and configuration of a POS system tailored for cafe operations, including inventory management and sales tracking functionality.",INT-004,Technology & Systems Specialist,Technology & Systems Specialist,internal_team,assigned,42,2026-02-01,2026-03-01
WS002-D2,Development and deployment of an online menu and ordering system compatible with both web and mobile platforms for customer ease.,EXT-002,Software,Software,external_resource,assigned,25,2026-02-01,2026-03-01
WS002-D3,Integration of a customer feedback system that links directly with the digital order management system for immediate service improvements.,INT-004,Technology & Systems Specialist,Technology & Systems Specialist,internal_team,assigned,42,2026-02-01,2026-03-01
WS002-D4,Setup of a digital loyalty program system to enhance customer retention and gather valuable consumer data.,INT-009,Operations Manager,Operations Manager,internal_team,assigned,25,2026-02-01,2026-03-01
WS002-D5,Implementation of network security protocols to protect customer data and ensure compliance with local data protection regulations.,INT-009,Operations Manager,Operations Manager,internal_team,assigned,25,2026-02-01,2026-03-01
WS003-D1,"Comprehensive Kitchen Workflow Plan with SOPs: Detailed documentation of standard operating procedures for kitchen staff, including food preparation, plating, and cleaning protocols tailored to traditional menu offerings.",INT-001,Cafe Operations Manager,Cafe Operations Manager,internal_team,assigned,25,2026-06-01,2026-07-01
WS003-D2,"Customer Service Excellence Program: A structured training program for front-of-house staff focusing on customer engagement, order accuracy, and complaint resolution, aligned with cultural expectations in Dubai.",INT-005,HR & Training Coordinator,HR & Training Coordinator,internal_team,assigned,42,2026-06-01,2026-07-01
WS003-D3,"Supplier & Inventory Management System: A system for managing supplier relationships and inventory levels, including contracts with local vendors and sustainable sourcing strategies.",INT-001,Cafe Operations Manager,Cafe Operations Manager,internal_team,assigned,25,2026-06-01,2026-07-01
WS003-D4,Compliance and Health & Safety Audit Report: An audit report ensuring all cafe operations meet local health and safety regulations and food handling standards specific to the UAE.,INT-011,Compliance Specialist,Compliance Specialist,internal_team,assigned,25,2026-06-01,2026-07-01
WS003-D5,"Sustainability Initiatives Document: A plan detailing initiatives to minimize environmental impact, such as waste reduction practices, energy-efficient equipment usage, and collaboration with Dubai-based eco-friendly suppliers.",EXT-001,Consultant,Consultant,external_resource,assigned,25,2026-06-01,2026-07-01
WS004-D1,Recruitment of experienced baristas and culinary staff specialized in traditional cafe offerings,INT-010,Hr & Training Manager,Hr & Training Manager,internal_team,assigned,25,2026-08-01,2026-09-01
WS004-D2,"Development of a bilingual training program encompassing service standards, traditional beverage preparation, and cultural sensitivity",INT-005,HR & Training Coordinator,HR & Training Coordinator,internal_team,assigned,42,2026-08-01,2026-09-01
WS004-D3,"Completion of onboarding sessions for new hires covering safety, hygiene, and customer interaction protocols",INT-010,Hr & Training Manager,Hr & Training Manager,internal_team,assigned,25,2026-08-01,2026-09-01
WS004-D4,Creation of a certification system to ensure staff proficiency in traditional Emirati coffee and tea service,INT-002,Head Barista,Head Barista,internal_team,assigned,31,2026-08-01,2026-09-01
WS004-D5,Periodic staff evaluations to ensure ongoing adherence to cafe service standards and customer experience benchmarks,INT-005,HR & Training Coordinator,HR & Training Coordinator,internal_team,assigned,42,2026-08-01,2026-09-01
WS005-D1,Community Event Campaign: Organize a series of local cultural and artisanal events at the cafe to attract community members and generate buzz about the cafe's offerings.,INT-006,Marketing & Community Manager,Marketing & Community Manager,internal_team,assigned,42,2026-08-01,2026-09-01
WS005-D2,"Digital Marketing Package: Develop a comprehensive digital marketing plan, including social media and targeted online advertising, that highlights the cafe's traditional and authentic offerings in unique visual and narrative styles appealing to local culture.",INT-006,Marketing & Community Manager,Marketing & Community Manager,internal_team,assigned,42,2026-08-01,2026-09-01
WS005-D3,"Customer Loyalty Program: Design and implement a loyalty program specifically tailored for the cafe's demographic, centering on frequent visitors and local patrons, to encourage repeat business and build a loyal customer base.",INT-006,Marketing & Community Manager,Marketing & Community Manager,internal_team,assigned,42,2026-08-01,2026-09-01
WS005-D4,"Partnership with Local Artisans: Establish collaborations with local bakers and craftspeople to offer unique products exclusive to the cafe, enhancing the authentic traditional experience and supporting local businesses.",EXT-001,Consultant,Consultant,external_resource,assigned,25,2026-08-01,2026-09-01
WS005-D5,"Menu Localization Strategy: Curate a menu that features locally preferred traditional dishes and drinks, taking into account cultural preferences and dietary habits prevalent in the Dubai community.",INT-002,Head Barista,Head Barista,internal_team,assigned,31,2026-08-01,2026-09-01
WS006-D1,"Acquisition of Food Establishment License from Dubai Municipality, including submission of all required documentation and fees.",INT-007,Compliance & Licensing Specialist,Compliance & Licensing Specialist,internal_team,assigned,50,2026-04-01,2026-05-01
WS006-D2,Completion of mandatory food safety training for all staff and receipt of Food Safety Certifications recognized by Dubai Municipality.,INT-011,Compliance Specialist,Compliance Specialist,internal_team,assigned,25,2026-04-01,2026-05-01
WS006-D3,"Regular health and safety inspections scheduled and passed by the local health authorities, ensuring adherence to hygiene standards.",INT-007,Compliance & Licensing Specialist,Compliance & Licensing Specialist,internal_team,assigned,50,2026-04-01,2026-05-01
WS006-D5,"Creation of a comprehensive compliance checklist to monitor ongoing adherence to Dubai’s legal and food safety regulations, tailored for the café environment.",INT-007,Compliance & Licensing Specialist,Compliance & Licensing Specialist,internal_team,assigned,50,2026-04-01,2026-05-01