Risk ID,Risk Description,Probability,Impact,Severity,Mitigation Strategy,Owner
R001,Internal weakness: Limited Customer Base,30%,Low,3 (Low),"Conduct user research, implement feedback loops, and develop change management communication plan",Cafe Operations Manager
R002,Internal weakness: Lower Visibility and Marketing Reach,35%,Low,4 (Low),"Monitor market indicators monthly, develop scenario-based contingency plans, and maintain pricing flexibility",Head Barista
R003,Internal weakness: Limited Operating Hours Potential,36%,Low,4 (Low),"Review strategy quarterly with leadership, maintain scenario plans, and track leading indicators",Cafe Design & Construction Lead
R004,Internal weakness: Seasonal Revenue Fluctuations,31%,Low,3 (Low),"Review strategy quarterly with leadership, maintain scenario plans, and track leading indicators",Technology & Systems Specialist
R005,External threat: Intense Competition from Chains,54%,Low,5 (Low),Develop competitive differentiation strategy and monitor competitor movements weekly,HR & Training Coordinator
R006,External threat: Rising Operating Costs,27%,Low,3 (Low),"Establish contingency reserve (15% of budget), implement monthly cost reviews, and identify cost reduction levers",Marketing & Community Manager
R007,External threat: Regulatory Changes,28%,Low,3 (Low),"Engage legal counsel, implement compliance monitoring, and establish regulatory liaison",Cafe Operations Manager
R008,External threat: Economic Sensitivity,40%,Low,4 (Low),"Monitor market indicators monthly, develop scenario-based contingency plans, and maintain pricing flexibility",Compliance & Licensing Specialist