Workstream ID,Name,Description,Owner,Start Date,End Date,Status,Deliverables Count,Deliverables
WS001,Cafe Physical Layout & Construction Planning,"This workstream focuses on developing the physical space for the traditional cafe in a Dubai community. It involves presenting a culturally authentic and welcoming environment aligned with traditional designs suitable for a cafe. The workstream encompasses space layout management, construction, and compliance with local regulatory requirements. The emphasis will be on creating a vibrant yet cozy atmosphere that resonates with local aesthetics and international standards in the Food & Beverage industry.",Cafe Design & Build Lead,Month 0,Month 1,Pending,5,"Comprehensive Floor Plan: Detailed architectural and interior design plans that consider seating arrangements, kitchen layout, storage areas, and customer flow.; Local Government Compliance Report: Documentation that ensures all construction and design elements meet Dubai municipality regulations and health department standards.; Vendor and Contractor Selection: A list of vetted and approved contractors and vendors for construction and interior furnishings, preferably those with experience in the Food & Beverage sector.; Traditional Theme Interior Design Proposal: A concept proposal that outlines design elements reflecting traditional and cultural aesthetics including color palettes, lighting, and decor selection.; Construction Timeline and Milestone Document: A project schedule with key milestones for construction phases, inspections, and approvals, ensuring timely completion aligned with the cafe opening."
WS002,Cafe Digital System Integration,"This workstream focuses on implementing and integrating the necessary technology systems to manage cafe operations efficiently. This includes installing a Point of Sale (POS) system tailored for food and beverage sales, setting up an order management system, and establishing a customer-facing digital experience, all aimed at creating seamless operations and enhancing customer satisfaction in the traditional Dubai cafe.",Operations Manager,Month 0,Month 1,Pending,5,"Installation and configuration of a POS system tailored for cafe operations, including inventory management and sales tracking functionality.; Development and deployment of an online menu and ordering system compatible with both web and mobile platforms for customer ease.; Integration of a customer feedback system that links directly with the digital order management system for immediate service improvements.; Setup of a digital loyalty program system to enhance customer retention and gather valuable consumer data.; Implementation of network security protocols to protect customer data and ensure compliance with local data protection regulations."
WS003,Dubai Cafe Operational Setup & Workflow Optimization,"This workstream focuses on establishing efficient operation processes and workflows for the traditional cafe opening in the Dubai community. It covers the setup of kitchen operations, customer service protocols, supply chain management, and staff training specific to the Food & Beverage industry. Emphasis is placed on developing practices that adhere to local regulations, cultural preferences, and sustainability goals specific to operating a cafe in Dubai.",Operations Manager,Month 4,Month 5,Pending,5,"Comprehensive Kitchen Workflow Plan with SOPs: Detailed documentation of standard operating procedures for kitchen staff, including food preparation, plating, and cleaning protocols tailored to traditional menu offerings.; Customer Service Excellence Program: A structured training program for front-of-house staff focusing on customer engagement, order accuracy, and complaint resolution, aligned with cultural expectations in Dubai.; Supplier & Inventory Management System: A system for managing supplier relationships and inventory levels, including contracts with local vendors and sustainable sourcing strategies.; Compliance and Health & Safety Audit Report: An audit report ensuring all cafe operations meet local health and safety regulations and food handling standards specific to the UAE.; Sustainability Initiatives Document: A plan detailing initiatives to minimize environmental impact, such as waste reduction practices, energy-efficient equipment usage, and collaboration with Dubai-based eco-friendly suppliers."
WS004,Hiring & Training Expert Cafe Staff,"This workstream involves recruiting skilled staff and providing comprehensive training tailored to the establishment of a traditional cafe in Dubai. The focus is on hiring personnel who are proficient in food and beverage service, including baristas and kitchen staff, and equipping them with the necessary skills to deliver authentic customer experiences. The training will emphasize traditional Emirati and international cafe offerings to ensure cultural and operational alignment with the cafe's concept.",Hr & Training Manager,Month 6,Month 7,Pending,5,"Recruitment of experienced baristas and culinary staff specialized in traditional cafe offerings; Development of a bilingual training program encompassing service standards, traditional beverage preparation, and cultural sensitivity; Completion of onboarding sessions for new hires covering safety, hygiene, and customer interaction protocols; Creation of a certification system to ensure staff proficiency in traditional Emirati coffee and tea service; Periodic staff evaluations to ensure ongoing adherence to cafe service standards and customer experience benchmarks"
WS005,Local Engagement & Market Positioning for Traditional Cafe,This workstream focuses on establishing a strong local presence and brand identity for the traditional cafe within its community in Dubai. It involves tailored marketing strategies to attract and retain customers by emphasizing unique cultural and gastronomical experiences specific to the regional preferences and expectations in the Food & Beverage sector.,Marketing & Community Manager,Month 6,Month 7,Pending,5,"Community Event Campaign: Organize a series of local cultural and artisanal events at the cafe to attract community members and generate buzz about the cafe's offerings.; Digital Marketing Package: Develop a comprehensive digital marketing plan, including social media and targeted online advertising, that highlights the cafe's traditional and authentic offerings in unique visual and narrative styles appealing to local culture.; Customer Loyalty Program: Design and implement a loyalty program specifically tailored for the cafe's demographic, centering on frequent visitors and local patrons, to encourage repeat business and build a loyal customer base.; Partnership with Local Artisans: Establish collaborations with local bakers and craftspeople to offer unique products exclusive to the cafe, enhancing the authentic traditional experience and supporting local businesses.; Menu Localization Strategy: Curate a menu that features locally preferred traditional dishes and drinks, taking into account cultural preferences and dietary habits prevalent in the Dubai community."
WS006,Regulatory Compliance & Food Safety Certifications,"This workstream involves ensuring that the traditional café meets all legal compliance requirements and food safety standards necessary for operating in Dubai's food and beverage sector. This includes acquiring necessary permits, adhering to local food safety regulations, and securing required health inspections to ensure safe and legal operation within the Dubai community.",Compliance Specialist,Month 2,Month 3,Pending,5,"Acquisition of Food Establishment License from Dubai Municipality, including submission of all required documentation and fees.; Completion of mandatory food safety training for all staff and receipt of Food Safety Certifications recognized by Dubai Municipality.; Regular health and safety inspections scheduled and passed by the local health authorities, ensuring adherence to hygiene standards.; Implementation of a compliant food safety management system with monitoring and documentation, including HACCP (Hazard Analysis Critical Control Points).; Creation of a comprehensive compliance checklist to monitor ongoing adherence to Dubai’s legal and food safety regulations, tailored for the café environment."