Task ID,Task Name,Resource ID,Resource Name,Resource Role,Resource Type,Status,Allocation %,Assigned From,Assigned To
WS001-D1,"Finalized Restaurant Design Blueprint: A detailed floor plan including seating arrangements, kitchen layout, and décor specifics suitable for a Chinese Fusion theme.",INT-001,Restaurant Operations Manager,Restaurant Operations Manager,internal_team,assigned,80,2026-01-31,2026-03-03
WS001-D2,"Completed Interior Fit-Out: Furnished and decorated dining area consistent with the fusion concept, including lighting, furniture, and visual elements.",INT-001,Restaurant Operations Manager,Restaurant Operations Manager,internal_team,assigned,20,2026-01-31,2026-03-03
WS001-D3,"Operational Kitchen Setup: Fully equipped kitchen with commercial-grade appliances, ventilation systems, and safety protocols ready for operation.",INT-001,Restaurant Operations Manager,Restaurant Operations Manager,internal_team,assigned,0,2026-01-31,2026-03-03
WS001-D4,Compliance Certification: All necessary permits and health and safety certifications obtained for the restaurant's operation in accordance with local regulations.,INT-001,Restaurant Operations Manager,Restaurant Operations Manager,internal_team,assigned,0,2026-01-31,2026-03-03
WS001-D5,"Vendor and Contractor Agreements: Signed contracts with selected interior designers, construction firms, and supply vendors ensuring project delivery timelines.",INT-001,Restaurant Operations Manager,Restaurant Operations Manager,internal_team,assigned,0,2026-01-31,2026-03-03
WS002-D1,Installation and configuration of an industry-standard POS system with features specific for a Chinese Fusion menu to streamline billing and order processing.,INT-001,Restaurant Operations Manager,Restaurant Operations Manager,internal_team,assigned,0,2026-01-31,2026-03-03
WS002-D2,Development and launch of an online reservation and ordering system integrated with the restaurant's website and mobile app to manage bookings and takeout orders efficiently.,INT-001,Restaurant Operations Manager,Restaurant Operations Manager,internal_team,assigned,0,2026-01-31,2026-03-03
WS002-D3,"Setup of a kitchen display system to ensure seamless communication between the waitstaff and kitchen, minimizing order preparation time and improving service speed.",INT-001,Restaurant Operations Manager,Restaurant Operations Manager,internal_team,assigned,0,2026-01-31,2026-03-03
WS002-D4,"Implementation of a CRM system to capture and analyze customer data, facilitating personalized marketing campaigns and enhancing the dining experience.",INT-001,Restaurant Operations Manager,Restaurant Operations Manager,internal_team,assigned,0,2026-01-31,2026-03-03
WS002-D5,"Deployment of a secure payment gateway that supports multiple payment methods, including contactless and mobile payment options, catering to diverse customer preferences.",INT-001,Restaurant Operations Manager,Restaurant Operations Manager,internal_team,assigned,0,2026-01-31,2026-03-03
WS003-D1,"Vendor List: A comprehensive list of vetted suppliers for core ingredients like high-quality soy sauce, fresh Asian vegetables, and specialty fusion spices, including contact details and product portfolios.",INT-001,Restaurant Operations Manager,Restaurant Operations Manager,internal_team,assigned,0,2026-03-03,2026-03-31
WS003-D2,"Supply Contracts: Signed contracts with key vendors outlining pricing, delivery schedules, and quantity commitments, ensuring cost-effective and timely supply of ingredients.",INT-001,Restaurant Operations Manager,Restaurant Operations Manager,internal_team,assigned,0,2026-03-03,2026-03-31
WS003-D3,Logistics Plan: A detailed logistics and distribution plan that ensures the efficient transport and storage of ingredients while minimizing waste and ensuring freshness for menu preparation.,INT-001,Restaurant Operations Manager,Restaurant Operations Manager,internal_team,assigned,0,2026-03-03,2026-03-31
WS004-D1,"Comprehensive staffing plan identifying roles and responsibilities including chefs, kitchen staff, and serving staff tailored for Chinese fusion cuisine.",INT-001,Restaurant Operations Manager,Restaurant Operations Manager,internal_team,assigned,0,2026-05-01,2026-05-31
WS004-D2,"Completion of recruitment process, with all required staff positions filled by qualified and experienced personnel, ensuring a balance of local and international expertise.",INT-001,Restaurant Operations Manager,Restaurant Operations Manager,internal_team,assigned,0,2026-05-01,2026-05-31
WS004-D3,"Development and execution of an intensive training program covering Chinese fusion menu specifics, preparation techniques, and high-standard customer service practices.",INT-001,Restaurant Operations Manager,Restaurant Operations Manager,internal_team,assigned,0,2026-05-01,2026-05-31
WS004-D4,Establishment of ongoing staff development and performance evaluation framework to ensure continuous improvement of service quality and staff retention.,INT-001,Restaurant Operations Manager,Restaurant Operations Manager,internal_team,assigned,0,2026-05-01,2026-05-31
WS004-D5,"Creation of a detailed employee handbook specific to food safety standards, cultural nuances, and customer service expectations within the Chinese fusion sector.",INT-001,Restaurant Operations Manager,Restaurant Operations Manager,internal_team,assigned,0,2026-05-01,2026-05-31
WS005-D1,"Local Influencer Partnerships: Establish partnerships with at least five local food influencers to promote the restaurant on social media platforms, incorporating video tours and tasting sessions to engage potential customers.",INT-001,Restaurant Operations Manager,Restaurant Operations Manager,internal_team,assigned,0,2026-07-01,2026-07-31
WS005-D2,"Grand Opening Event Plan: Develop a comprehensive plan for a grand opening event that includes a press release, media invitations, menu tastings, and cultural performances to attract and engage the local community.",INT-001,Restaurant Operations Manager,Restaurant Operations Manager,internal_team,assigned,0,2026-07-01,2026-07-31
WS005-D3,"Social Media Advertising Strategy: Create a targeted social media strategy on platforms like Facebook and Instagram, including cultural and cuisine-specific content that resonates with the local demographic, increasing reach and engagement by 20% within the first month.",INT-001,Restaurant Operations Manager,Restaurant Operations Manager,internal_team,assigned,0,2026-07-01,2026-07-31
WS005-D4,"Collaborations with Local Festivals: Arrange for the restaurant to feature at three significant local culinary events and festivals, providing samples and promotional materials to drive brand awareness and foot traffic.",INT-001,Restaurant Operations Manager,Restaurant Operations Manager,internal_team,assigned,0,2026-07-01,2026-07-31
WS005-D5,"Feedback and Review Initiative: Implement a system to gather initial customer feedback and reviews through QR codes and online surveys, aiming to achieve at least 50 positive reviews and optimize customer experience based on the insights gathered.",INT-001,Restaurant Operations Manager,Restaurant Operations Manager,internal_team,assigned,0,2026-07-01,2026-07-31
WS006-D1,"Secured Food Safety Inspection Approval, verifying compliance with food handling and hygiene standards for restaurant operations.",INT-001,Restaurant Operations Manager,Restaurant Operations Manager,internal_team,assigned,0,2026-03-31,2026-05-01
WS006-D2,"Obtained Trade License and Food Establishment Permit specific to Abu Dhabi's F&B sector, enabling legal operation of the restaurant.",INT-001,Restaurant Operations Manager,Restaurant Operations Manager,internal_team,assigned,0,2026-03-31,2026-05-01
WS006-D3,"Completed HACCP (Hazard Analysis Critical Control Point) certification, ensuring compliance with international food safety management standards.",INT-001,Restaurant Operations Manager,Restaurant Operations Manager,internal_team,assigned,0,2026-03-31,2026-05-01
WS006-D4,Registration with Abu Dhabi's Department of Culture and Tourism for compliance with local business and advertising regulations.,INT-001,Restaurant Operations Manager,Restaurant Operations Manager,internal_team,assigned,0,2026-03-31,2026-05-01
WS006-D5,"Comprehensive Legal Compliance Checklist, custom-tailored for a Chinese fusion restaurant, addressing all pertinent local laws and regulations.",INT-001,Restaurant Operations Manager,Restaurant Operations Manager,internal_team,assigned,0,2026-03-31,2026-05-01