Benefit ID,Benefit Name,Description,Category,Metric,Target,Timeframe,Responsible Party
BEN-1,Growing Food Delivery Market,Growing Food Delivery Market. This strategic benefit will be realized through focused execution and tracked via defined KPIs.,Strategic,Performance metrics and KPI tracking (quarterly),+15% market penetration in Year 1,Month 4,Restaurant Operations Manager
BEN-2,Expo and Tourism Recovery,Expo and Tourism Recovery. This strategic benefit will be realized through focused execution and tracked via defined KPIs.,Strategic,Performance metrics and KPI tracking (quarterly),Measurable improvement vs baseline within 6 months,Month 4,Head Chef - Chinese Fusion
BEN-3,Strategic Partnership Value,Corporate Catering Demand. This strategic benefit will be realized through focused execution and tracked via defined KPIs.,Strategic,"Partnership revenue, contract value, renewal rate (quarterly)",2+ corporate partnerships generating $50K+ annual revenue,Month 4,Restaurant Design Project Manager
BEN-4,Health-Conscious Trends,Health-Conscious Trends. This strategic benefit will be realized through focused execution and tracked via defined KPIs.,Strategic,Performance metrics and KPI tracking (quarterly),Measurable improvement vs baseline within 6 months,Month 4,Restaurant Technology Specialist
BEN-5,Leverage: Target Market Alignment,Capitalize on existing strength: Target Market Alignment,Strategic,Competitive benchmarking (quarterly),+15% competitive advantage in key metrics,Month 3,Restaurant Marketing Coordinator
BEN-6,Leverage: Fast-Casual Format Advantage,Capitalize on existing strength: Fast-Casual Format Advantage,Strategic,Competitive benchmarking (quarterly),+15% competitive advantage in key metrics,Month 3,Restaurant Compliance Specialist