Resource Type,Role/Title,FTE/Quantity,Skills/Responsibilities,Source
Internal,Restaurant Operations Manager,1,"Restaurant Operations, Team Leadership, Chinese Cuisine Knowledge, Quality Control, Cost Management",Internal Team
Internal,Head Chef - Chinese Fusion,1,"Chinese Culinary Arts, Fusion Cuisine Development, Kitchen Management, Food Safety, Menu Engineering",Internal Team
Internal,Restaurant Design Project Manager,1,"Project Management, Restaurant Design, Vendor Coordination, Timeline Management, Budget Control",Internal Team
Internal,Restaurant Technology Specialist,0.8,"POS Systems, Restaurant Technology, System Integration, Staff Training, Technical Support",Internal Team
Internal,Restaurant Marketing Coordinator,0.9,"Restaurant Marketing, Launch Campaigns, Social Media Marketing, Local Market Knowledge, Brand Management",Internal Team
Internal,Restaurant Compliance Specialist,0.7,"Food Service Licensing, Health Department Regulations, Permit Management, Compliance Documentation, Restaurant Legal Requirements",Internal Team
External,Consultant,1,Strategic advisory and specialized expertise,External/Vendor
External,Software,1,Project management and collaboration tools,External/Vendor