Risk ID,Risk Description,Probability,Impact,Severity,Mitigation Strategy,Owner
R001,Internal weakness: High Operating Costs,37%,High,11 (Medium),"Establish contingency reserve (15% of budget), implement monthly cost reviews, and identify cost reduction levers",Restaurant Operations Manager
R002,Internal weakness: Limited Brand Recognition,33%,Low,3 (Low),"Review strategy quarterly with leadership, maintain scenario plans, and track leading indicators",Head Chef - Chinese Fusion
R003,Internal weakness: Staffing Challenges,28%,Low,3 (Low),"Review strategy quarterly with leadership, maintain scenario plans, and track leading indicators",Restaurant Design Project Manager
R004,Internal weakness: Supply Chain Dependencies,31%,Low,3 (Low),Diversify supplier base and maintain 30-day inventory buffer for critical materials,Restaurant Operations Manager
R005,External threat: Intense Market Competition,54%,Low,5 (Low),Develop competitive differentiation strategy and monitor competitor movements weekly,Restaurant Technology Specialist
R006,External threat: Economic Sensitivity,34%,Low,3 (Low),"Monitor market indicators monthly, develop scenario-based contingency plans, and maintain pricing flexibility",Restaurant Marketing Coordinator
R007,External threat: Regulatory Changes,28%,Low,3 (Low),"Engage legal counsel, implement compliance monitoring, and establish regulatory liaison",Restaurant Operations Manager
R008,External threat: Cultural and Dietary Restrictions,28%,Low,3 (Low),"Review strategy quarterly with leadership, maintain scenario plans, and track leading indicators",Restaurant Compliance Specialist