Workstream ID,Name,Description,Owner,Start Date,End Date,Status,Deliverables Count,Deliverables
WS001,Restaurant Design & Fit-Out Execution,"This workstream focuses on designing and constructing the physical infrastructure for the Chinese Fusion Restaurant in Abu Dhabi. It involves creating an aesthetically pleasing and functional dining environment that aligns with the brand's identity. Tasks include liaising with interior designers, contractors, and vendors to ensure timely completion of the restaurant's interior design, kitchen setup, and overall ambiance to enhance the dining experience.",Restaurant Operations Manager,Month 0,Month 1,Pending,5,"Finalized Restaurant Design Blueprint: A detailed floor plan including seating arrangements, kitchen layout, and décor specifics suitable for a Chinese Fusion theme.; Completed Interior Fit-Out: Furnished and decorated dining area consistent with the fusion concept, including lighting, furniture, and visual elements.; Operational Kitchen Setup: Fully equipped kitchen with commercial-grade appliances, ventilation systems, and safety protocols ready for operation.; Compliance Certification: All necessary permits and health and safety certifications obtained for the restaurant's operation in accordance with local regulations.; Vendor and Contractor Agreements: Signed contracts with selected interior designers, construction firms, and supply vendors ensuring project delivery timelines."
WS002,Restaurant Technology Integration,"This workstream focuses on the integration and implementation of technology systems tailored for the efficient operation of a Chinese Fusion restaurant in Abu Dhabi. It includes setting up POS (point of sale) systems, online reservation platforms, kitchen display systems, and customer relationship management (CRM) tools, essential for optimizing both front-end and back-end restaurant processes.",Restaurant Marketing Coordinator,Month 0,Month 1,Pending,5,"Installation and configuration of an industry-standard POS system with features specific for a Chinese Fusion menu to streamline billing and order processing.; Development and launch of an online reservation and ordering system integrated with the restaurant's website and mobile app to manage bookings and takeout orders efficiently.; Setup of a kitchen display system to ensure seamless communication between the waitstaff and kitchen, minimizing order preparation time and improving service speed.; Implementation of a CRM system to capture and analyze customer data, facilitating personalized marketing campaigns and enhancing the dining experience.; Deployment of a secure payment gateway that supports multiple payment methods, including contactless and mobile payment options, catering to diverse customer preferences."
WS003,Supply Chain & Vendor Management,"This workstream focuses on establishing a robust supply chain to ensure the seamless operation of the Chinese Fusion Restaurant in Abu Dhabi. It involves identifying reliable vendors for sourcing high-quality ingredients, negotiating favorable terms, and setting up efficient logistics tailored to the needs of a fusion cuisine. This workstream ensures that all culinary and operational requirements are met to launch and sustain the restaurant’s offerings.",Restaurant Operations Manager,Month 1,Month 2,Pending,3,"Vendor List: A comprehensive list of vetted suppliers for core ingredients like high-quality soy sauce, fresh Asian vegetables, and specialty fusion spices, including contact details and product portfolios.; Supply Contracts: Signed contracts with key vendors outlining pricing, delivery schedules, and quantity commitments, ensuring cost-effective and timely supply of ingredients.; Logistics Plan: A detailed logistics and distribution plan that ensures the efficient transport and storage of ingredients while minimizing waste and ensuring freshness for menu preparation."
WS004,Staff Recruitment & Training for Chinese Fusion Cuisine,"This workstream focuses on hiring and training the team required to deliver exceptional service and authentic Chinese fusion cuisine at the new Abu Dhabi location. It involves outlining staffing needs, recruiting qualified personnel, and providing comprehensive training in both culinary techniques and customer service standards specific to Chinese fusion gastronomy.",Restaurant Marketing Coordinator,Month 3,Month 4,Pending,5,"Comprehensive staffing plan identifying roles and responsibilities including chefs, kitchen staff, and serving staff tailored for Chinese fusion cuisine.; Completion of recruitment process, with all required staff positions filled by qualified and experienced personnel, ensuring a balance of local and international expertise.; Development and execution of an intensive training program covering Chinese fusion menu specifics, preparation techniques, and high-standard customer service practices.; Establishment of ongoing staff development and performance evaluation framework to ensure continuous improvement of service quality and staff retention.; Creation of a detailed employee handbook specific to food safety standards, cultural nuances, and customer service expectations within the Chinese fusion sector."
WS005,Launch Marketing Campaign for Chinese Fusion Opening,"This workstream focuses on planning and executing a marketing campaign specifically designed for the launch of the Chinese Fusion Restaurant in Abu Dhabi. The campaign will be tailored to appeal to the local palate while creating excitement and visibility for the restaurant's grand opening. Emphasis will be placed on leveraging local food influencers, cultural festivals, and targeted promotional events to attract the desired clientele.",Restaurant Marketing Coordinator,Month 5,Month 6,Pending,5,"Local Influencer Partnerships: Establish partnerships with at least five local food influencers to promote the restaurant on social media platforms, incorporating video tours and tasting sessions to engage potential customers.; Grand Opening Event Plan: Develop a comprehensive plan for a grand opening event that includes a press release, media invitations, menu tastings, and cultural performances to attract and engage the local community.; Social Media Advertising Strategy: Create a targeted social media strategy on platforms like Facebook and Instagram, including cultural and cuisine-specific content that resonates with the local demographic, increasing reach and engagement by 20% within the first month.; Collaborations with Local Festivals: Arrange for the restaurant to feature at three significant local culinary events and festivals, providing samples and promotional materials to drive brand awareness and foot traffic.; Feedback and Review Initiative: Implement a system to gather initial customer feedback and reviews through QR codes and online surveys, aiming to achieve at least 50 positive reviews and optimize customer experience based on the insights gathered."
WS006,Regulatory Approvals & Licensing,"This workstream focuses on ensuring full legal compliance for launching a Chinese fusion restaurant in Abu Dhabi. It involves navigating food safety standards, obtaining necessary permits, and adhering to local and national regulations specific to the Food & Beverage industry. This ensures the restaurant operates legally and meets all regulatory requirements from the outset.",Restaurant Compliance Specialist,Month 2,Month 3,Pending,5,"Secured Food Safety Inspection Approval, verifying compliance with food handling and hygiene standards for restaurant operations.; Obtained Trade License and Food Establishment Permit specific to Abu Dhabi's F&B sector, enabling legal operation of the restaurant.; Completed HACCP (Hazard Analysis Critical Control Point) certification, ensuring compliance with international food safety management standards.; Registration with Abu Dhabi's Department of Culture and Tourism for compliance with local business and advertising regulations.; Comprehensive Legal Compliance Checklist, custom-tailored for a Chinese fusion restaurant, addressing all pertinent local laws and regulations."