Task ID,Task Name,Resource ID,Resource Name,Resource Role,Resource Type,Status,Allocation %,Assigned From,Assigned To
WS001-D1,"Detailed architectural and interior design plans tailored to F&B and co-working integration, compliant with Dubai regulations",INT-001,Cafe Manager,Cafe Manager,internal_team,assigned,25,2026-02-01,2026-03-01
WS001-D2,"Construction timeline and budget report with milestones specific to food service installation (e.g., kitchen, plumbing, electric)",EXT-001,Team Member,,external_resource,assigned,25,2026-02-01,2026-03-01
WS001-D3,"Vendor contracts for procurement of specialized equipment like coffee machines, kitchen appliances, and furnishings",INT-001,Cafe Manager,Cafe Manager,internal_team,assigned,25,2026-02-01,2026-03-01
WS001-D4,Compliance documentation and approvals from Dubai municipal authorities necessary for food service operations,EXT-002,Team Member,,external_resource,assigned,25,2026-02-01,2026-03-01
WS001-D5,"Operational workflow layout focusing on efficiency in order preparation, coworking space utilization, and customer service",INT-003,Shift Supervisor,Shift Supervisor,internal_team,assigned,31,2026-02-01,2026-03-01
WS002-D1,"Implementation of a Mobile App for Real-time Ordering: Develop and launch a cross-platform mobile application that allows customers to order food and beverages quickly and seamlessly. The app will be equipped with features like menu browsing, order customization, and real-time updates on order status.",EXT-001,Team Member,,external_resource,assigned,25,2026-04-01,2026-05-01
WS002-D2,"Point-of-Sale System Integration: Deploy a modern, cloud-based point-of-sale system to handle in-cafe and online transactions efficiently. This will include features such as mobile payments, receipt printing, and real-time inventory updates.",INT-003,Shift Supervisor,Shift Supervisor,internal_team,assigned,31,2026-04-01,2026-05-01
WS002-D3,Customer Data Analytics Platform: Establish a data analytics platform to collect and analyze customer purchase patterns and feedback. This platform will help in personalizing marketing strategies and menu offerings to enhance customer satisfaction.,EXT-002,Team Member,,external_resource,assigned,25,2026-04-01,2026-05-01
WS002-D4,"Wi-Fi Management System for Co-working Spaces: Install a robust Wi-Fi management system that ensures high-speed internet access for patrons using the co-working space. This includes features for guest access, bandwidth management, and security protocols.",EXT-001,Team Member,,external_resource,assigned,25,2026-04-01,2026-05-01
WS002-D5,"Digital Marketing Automation Tools: Implement tools for automating digital marketing campaigns, focusing on email and social media promotions tailored to the cafe's target audience. These tools will aid in increasing customer engagement and repeat visits.",EXT-002,Team Member,,external_resource,assigned,25,2026-04-01,2026-05-01
WS003-D1,Development of an optimized kitchen workflow that decreases order preparation time by 20% within 3 months.,INT-005,Kitchen Staff,Kitchen Staff,internal_team,assigned,50,2026-05-01,2026-06-01
WS003-D2,"Implementation of a digital ordering and payment system integrated with a customer loyalty program, aiming to increase repeat purchases by 15% in six months.",INT-003,Shift Supervisor,Shift Supervisor,internal_team,assigned,31,2026-05-01,2026-06-01
WS003-D3,"Establishment of a co-working space management protocol that includes reservation systems, seating arrangements, and amenities checklists to enhance user experience and facility utilization.",INT-001,Cafe Manager,Cafe Manager,internal_team,assigned,25,2026-05-01,2026-06-01
WS003-D4,"Creation of a sustainable waste management plan, targeting a 30% reduction in food waste through staff training, portion control, and sustainable sourcing practices.",INT-005,Kitchen Staff,Kitchen Staff,internal_team,assigned,50,2026-05-01,2026-06-01
WS003-D5,"Conducting a bi-annual operations audit that assesses and reports on compliance with food safety standards, operational efficiency, and customer service quality.",INT-001,Cafe Manager,Cafe Manager,internal_team,assigned,25,2026-05-01,2026-06-01
WS004-D1,"Job Descriptions and Postings for Key Cafe Roles: Development of detailed job descriptions for roles such as baristas, cafe managers, kitchen staff, and co-working support staff, including specific responsibilities and qualifications.",INT-001,Cafe Manager,Cafe Manager,internal_team,assigned,25,2026-03-01,2026-04-01
WS004-D2,"Staff Onboarding Manual: Creation of a comprehensive training manual that includes service protocols, cafe operation procedures, co-working space guidelines, and customer interaction techniques tailored to the cafe's unique environment.",INT-003,Shift Supervisor,Shift Supervisor,internal_team,assigned,31,2026-03-01,2026-04-01
WS004-D3,"Recruitment of Multilingual Staff: Successful recruitment of staff fluent in English and Arabic to cater to the diverse customer base in Dubai, ensuring excellent communication and service delivery.",INT-001,Cafe Manager,Cafe Manager,internal_team,assigned,25,2026-03-01,2026-04-01
WS004-D4,"Customer Experience Training Program: Development and implementation of a training program focused on enhancing the customer service skills of all staff members, particularly in creating a welcoming cafe atmosphere and managing co-working interactions.",INT-002,Head Barista,Head Barista,internal_team,assigned,25,2026-03-01,2026-04-01
WS004-D5,Performance Metrics for Staff Evaluation: Establishment of performance evaluation criteria and processes to regularly assess and improve staff effectiveness in fulfilling both cafe and co-working roles.,INT-001,Cafe Manager,Cafe Manager,internal_team,assigned,25,2026-03-01,2026-04-01
WS005-D1,"Social Media Content Plan: A comprehensive schedule of themed posts for platforms such as Instagram and Facebook, focusing on new menu items, co-working space features, and customer testimonials.",EXT-002,Team Member,,external_resource,assigned,25,2026-07-01,2026-08-01
WS005-D2,"Email Marketing Series: A series of engaging and informative emails tailored to attract returning customers and new patrons, highlighting special promotions, events, and seasonal menu changes.",EXT-002,Team Member,,external_resource,assigned,25,2026-07-01,2026-08-01
WS005-D3,"Online Listing Optimization: Enhanced profiles on food and cafe-related review sites like Zomato and TripAdvisor, including professional photos, updated menus, and positive customer reviews to boost credibility and appeal.",INT-001,Cafe Manager,Cafe Manager,internal_team,assigned,25,2026-07-01,2026-08-01
WS005-D4,"Local SEO Strategy: Optimized keywords and Google My Business profile to ensure the cafe ranks higher in local searches, especially for terms related to coffee, co-working, and dining in Dubai.",EXT-001,Team Member,,external_resource,assigned,25,2026-07-01,2026-08-01
WS005-D5,"Influencer Collaboration Schedule: Partner with local food and lifestyle influencers to generate buzz and broaden social media reach, including hosting events or tasting sessions at the cafe.",EXT-002,Team Member,,external_resource,assigned,25,2026-07-01,2026-08-01
WS006-D1,Obtained Food and Beverage License from Dubai Department of Economic Development,INT-001,Cafe Manager,Cafe Manager,internal_team,assigned,25,2026-04-01,2026-05-01
WS006-D2,Compliance Report confirming adherence to Dubai Municipality food safety regulations,INT-005,Kitchen Staff,Kitchen Staff,internal_team,assigned,50,2026-04-01,2026-05-01
WS006-D3,Documented Food Safety Management System tailored for the cafe's operations,INT-005,Kitchen Staff,Kitchen Staff,internal_team,assigned,50,2026-04-01,2026-05-01
WS006-D4,Successful completion of Dubai Health and Safety Inspection,INT-001,Cafe Manager,Cafe Manager,internal_team,assigned,25,2026-04-01,2026-05-01
WS006-D5,Staff Food Safety Training Log endorsed by a certified training provider,INT-004,Barista,Barista,internal_team,assigned,42,2026-04-01,2026-05-01