Resource Type,Role/Title,FTE/Quantity,Skills/Responsibilities,Source
Internal,Cafe Manager,1,"cafe operations, staff management, inventory control",Internal Team
Internal,Head Barista,1,"espresso preparation, latte art, quality control",Internal Team
Internal,Shift Supervisor,0.8,"team coordination, cash handling, opening/closing",Internal Team
Internal,Barista,0.6,"beverage preparation, customer service",Internal Team
Internal,Kitchen Staff,0.5,"food prep, food safety, inventory",Internal Team
External,Consultant,1,Strategic advisory and specialized expertise,External/Vendor
External,Software,1,Project management and collaboration tools,External/Vendor