Risk ID,Risk Description,Probability,Impact,Severity,Mitigation Strategy,Owner
R001,Internal weakness: Limited Brand Recognition,30%,Low,3 (Low),"Review strategy quarterly with leadership, maintain scenario plans, and track leading indicators",Cafe Manager
R002,Internal weakness: Single Location Dependency,33%,Low,3 (Low),"Review strategy quarterly with leadership, maintain scenario plans, and track leading indicators",Head Barista
R003,Internal weakness: Limited Marketing Budget,46%,Low,5 (Low),"Establish contingency reserve (15% of budget), implement monthly cost reviews, and identify cost reduction levers",Shift Supervisor
R004,Internal weakness: Parking Constraints,31%,Low,3 (Low),"Review strategy quarterly with leadership, maintain scenario plans, and track leading indicators",Barista
R005,Internal weakness: Technology Infrastructure Needs,42%,Low,4 (Low),"Conduct technical proof-of-concept, establish rollback procedures, and schedule vendor support",Cafe Manager
R006,External threat: Intense Market Competition,42%,Low,4 (Low),Develop competitive differentiation strategy and monitor competitor movements weekly,Kitchen Staff
R007,External threat: Rising Operating Costs,30%,Low,3 (Low),"Establish contingency reserve (15% of budget), implement monthly cost reviews, and identify cost reduction levers",Head Barista
R008,External threat: Dedicated Co-working Spaces,28%,Low,3 (Low),"Review strategy quarterly with leadership, maintain scenario plans, and track leading indicators",Shift Supervisor
R009,External threat: Economic Sensitivity,43%,Low,4 (Low),"Monitor market indicators monthly, develop scenario-based contingency plans, and maintain pricing flexibility",Barista
R010,External threat: Regulatory Changes,37%,Low,4 (Low),"Engage legal counsel, implement compliance monitoring, and establish regulatory liaison",Kitchen Staff